Rk,Name,Full_Name,Age,Tm,G,PA,AB,R,H,2B,3B,HR,RBI,SB,CS,BB,SO,BA,OBP,SLG,OPS,OPS+,TB,GDP,HBP,SH,SF,IBB
86,Tim Beckham,Tim Beckham,32,MIN,12,25,25,1,2,0,0,0,1,0,0,0,9,0.08,0.08,0.08,0.16,-54,2,2,0,0,0,0
509,Christian Lopes,Christian Lopes,29,OAK,4,10,9,0,0,0,0,0,0,0,0,1,5,0,0.1,0,0.1,-67,0,0,0,0,0,0
881,Travis Swaggerty*,Travis Swaggerty,24,PIT,5,9,9,0,1,0,0,0,0,0,0,0,4,0.111,0.111,0.111,0.222,-36,1,0,0,0,0,0
307,Lucius Fox#,Lucius Fox,24,WSN,10,28,25,2,2,0,0,0,2,1,0,1,9,0.08,0.115,0.08,0.195,-42,2,1,0,2,0,0
120,Bobby Bradley*,Bobby Bradley,26,CLE,8,17,17,1,2,0,0,0,0,0,0,0,9,0.118,0.118,0.118,0.235,-31,2,0,0,0,0,0
438,Ender Inciarte*,Ender Inciarte,31,NYM,11,8,8,1,1,0,0,0,0,0,0,0,0,0.125,0.125,0.125,0.25,-28,1,0,0,0,0,0
341,José Godoy*,José Godoy,27,TOT,10,22,20,3,1,0,0,0,1,0,0,2,9,0.05,0.136,0.05,0.186,-44,1,0,0,0,0,0
382,Billy Hamilton,Billy Hamilton,31,TOT,37,23,20,13,1,0,0,0,0,10,1,2,12,0.05,0.136,0.05,0.186,-43,1,0,0,1,0,0
768,Chuckie Robinson,Chuckie Robinson,27,CIN,25,60,59,3,8,2,0,2,5,0,0,0,17,0.136,0.136,0.271,0.407,6,16,5,0,1,0,0
850,Lenyn Sosa,Lenyn Sosa,22,CHW,11,36,35,3,4,1,0,1,1,0,0,1,12,0.114,0.139,0.229,0.367,2,8,2,0,0,0,0
775,Jose Rojas*,Jose Rojas,29,LAA,22,57,56,1,7,2,0,0,1,0,0,0,19,0.125,0.14,0.161,0.301,-15,9,1,1,0,0,0
353,Terrance Gore,Terrance Gore,31,NYM,10,8,7,1,1,0,0,0,0,3,0,0,3,0.143,0.143,0.143,0.286,-17,1,0,0,1,0,0
709,Israel Pineda,Israel Pineda,22,WSN,4,14,13,1,1,0,0,0,0,0,0,1,7,0.077,0.143,0.077,0.22,-33,1,0,0,0,0,0
664,Kevin Padlo,Kevin Padlo,25,TOT,13,34,33,0,4,1,0,0,3,0,0,1,10,0.121,0.147,0.152,0.299,-14,5,2,0,0,0,0
203,Mark Contreras*,Mark Contreras,27,MIN,28,61,58,9,7,1,0,3,6,1,0,1,21,0.121,0.148,0.293,0.441,22,17,2,1,0,1,0
51,Jonathan Araúz#,Jonathan Araúz,23,TOT,15,41,38,3,5,0,0,1,5,0,0,1,12,0.132,0.15,0.211,0.361,1,8,0,0,1,1,0
36,Eddy Alvarez*,Eddy Alvarez,32,LAD,14,27,25,1,4,0,0,0,3,1,0,0,9,0.16,0.154,0.16,0.314,-12,4,1,0,1,1,0
414,Yonny Hernández#,Yonny Hernández,24,ARI,12,28,24,2,2,0,0,0,0,2,0,2,4,0.083,0.154,0.083,0.237,-29,2,0,0,2,0,0
706,Kevin Pillar,Kevin Pillar,33,LAD,4,13,12,1,1,1,0,0,0,0,0,1,4,0.083,0.154,0.167,0.321,-11,2,1,0,0,0,0
828,Zack Short,Zack Short,27,DET,6,13,9,2,0,0,0,0,2,1,0,2,5,0,0.154,0,0.154,-50,0,0,0,0,2,0
351,Niko Goodrum#,Niko Goodrum,30,HOU,15,45,43,2,5,2,0,0,1,1,0,2,23,0.116,0.156,0.163,0.318,-9,7,0,0,0,0,0
450,Bryce Johnson#,Bryce Johnson,26,SFG,11,19,18,1,2,0,0,0,2,0,0,1,7,0.111,0.158,0.111,0.269,-21,2,0,0,0,0,0
573,Billy McKinney*,Billy McKinney,27,OAK,23,57,52,3,5,1,0,1,4,0,0,4,16,0.096,0.158,0.173,0.331,-2,9,0,0,0,1,1
855,Steven Souza Jr.,Steven Souza Jr.,33,SEA,6,19,19,0,3,0,0,0,1,0,0,0,8,0.158,0.158,0.158,0.316,-7,3,2,0,0,0,0
620,Taylor Motter,Taylor Motter,32,CIN,2,6,6,0,1,0,0,0,0,0,0,0,3,0.167,0.167,0.167,0.333,-9,1,0,0,0,0,0
830,Michael Siani*,Michael Siani,22,CIN,9,24,24,1,4,0,0,0,0,0,1,0,7,0.167,0.167,0.167,0.333,-9,4,1,0,0,0,0
85,Matt Beaty*,Matt Beaty,29,SDP,20,47,43,6,4,1,1,0,1,0,0,2,8,0.093,0.17,0.163,0.333,-2,7,3,2,0,0,0
252,Jeter Downs,Jeter Downs,23,BOS,14,41,39,4,6,1,0,1,4,0,0,1,21,0.154,0.171,0.256,0.427,17,10,0,0,0,1,0
913,Cole Tucker#,Cole Tucker,25,PIT,18,63,63,3,11,1,1,0,2,1,0,0,25,0.175,0.175,0.222,0.397,12,14,1,0,0,0,0
959,Donovan Walton*,Donovan Walton,28,TOT,25,78,76,9,12,8,0,1,8,0,0,1,16,0.158,0.179,0.303,0.482,34,23,1,1,0,0,0
355,Phil Gosselin,Phil Gosselin,33,TOT,34,77,74,6,11,0,1,0,2,0,0,2,24,0.149,0.182,0.176,0.357,2,13,1,1,0,0,0
723,Ford Proctor*,Ford Proctor,25,SFG,7,22,18,3,2,0,0,1,6,0,0,2,3,0.111,0.182,0.278,0.46,28,5,0,0,0,2,0
735,Heliot Ramos,Heliot Ramos,22,SFG,9,22,20,4,2,0,0,0,0,0,0,2,6,0.1,0.182,0.1,0.282,-17,2,1,0,0,0,0
156,Robinson Canó*,Robinson Canó,39,TOT,33,104,100,5,15,1,0,1,4,0,0,4,25,0.15,0.183,0.19,0.373,7,19,2,0,0,0,0
669,Jermaine Palacios,Jermaine Palacios,25,MIN,30,77,70,8,10,0,0,2,6,0,0,4,27,0.143,0.184,0.229,0.413,18,16,2,0,1,2,0
813,Max Schrock*,Max Schrock,27,CIN,13,27,26,1,4,0,0,0,1,0,0,1,6,0.154,0.185,0.154,0.339,-6,4,0,0,0,0,0
780,Austin Romine,Austin Romine,33,TOT,51,136,129,10,20,3,0,3,9,0,0,4,46,0.155,0.187,0.248,0.435,18,32,2,1,2,0,0
28,Austin Allen*,Austin Allen,28,OAK,5,16,14,1,1,0,0,0,0,0,0,1,9,0.071,0.188,0.071,0.259,-19,1,1,1,0,0,0
954,Steele Walker*,Steele Walker,25,TEX,5,16,14,1,1,0,0,1,1,0,0,2,4,0.071,0.188,0.286,0.473,34,4,0,0,0,0,0
415,Iván Herrera,Iván Herrera,22,STL,11,22,18,0,2,0,0,0,1,0,0,2,8,0.111,0.19,0.111,0.302,-10,2,0,0,1,1,0
495,Korey Lee,Korey Lee,23,HOU,12,26,25,1,4,2,0,0,4,0,0,1,9,0.16,0.192,0.24,0.432,22,6,1,0,0,0,0
246,Alex Dickerson*,Alex Dickerson,32,ATL,13,36,33,3,4,0,0,1,2,0,0,3,9,0.121,0.194,0.212,0.407,14,7,3,0,0,0,0
715,Nick Plummer*,Nick Plummer,25,NYM,14,31,29,4,4,1,0,2,6,0,0,1,12,0.138,0.194,0.379,0.573,60,11,1,1,0,0,0
794,Esteury Ruiz,Esteury Ruiz,23,TOT,17,36,35,3,6,1,1,0,2,1,2,1,7,0.171,0.194,0.257,0.452,30,9,0,0,0,0,0
78,Jose Barrero,Jose Barrero,24,CIN,48,174,165,13,25,3,0,2,10,4,1,9,76,0.152,0.195,0.206,0.401,9,34,4,0,0,0,0
992,Mike Zunino,Mike Zunino,31,TBR,36,123,115,7,17,3,0,5,16,0,0,6,46,0.148,0.195,0.304,0.499,45,35,2,1,0,1,0
194,Kody Clemens*,Kody Clemens,26,DET,56,127,117,13,17,4,0,5,17,1,0,8,33,0.145,0.197,0.308,0.505,44,36,1,0,0,2,0
68,Rylan Bannon,Rylan Bannon,26,TOT,5,15,14,0,2,0,0,0,0,0,0,0,5,0.143,0.2,0.143,0.343,1,2,0,1,0,0,0
296,Estevan Florial*,Estevan Florial,24,NYY,17,35,31,4,3,0,0,0,1,2,0,3,13,0.097,0.2,0.097,0.297,-11,3,0,1,0,0,0
410,Elier Hernandez,Elier Hernandez,27,TEX,14,35,33,4,6,2,0,0,3,0,0,1,15,0.182,0.2,0.242,0.442,27,8,1,0,0,1,0
831,Magneuris Sierra*,Magneuris Sierra,26,LAA,45,96,91,7,15,1,3,0,5,6,1,4,25,0.165,0.2,0.242,0.442,24,22,0,0,1,0,0
925,Miguel Vargas,Miguel Vargas,22,LAD,18,50,47,4,8,1,0,1,8,1,0,2,13,0.17,0.2,0.255,0.455,26,12,0,0,0,1,0
607,Adalberto Mondesí#,Adalberto Mondesí,26,KCR,15,54,50,3,7,0,0,0,3,5,0,4,20,0.14,0.204,0.14,0.344,0,7,2,0,0,0,0
177,Jason Castro*,Jason Castro,35,HOU,34,88,78,6,9,2,0,1,3,1,0,8,40,0.115,0.205,0.179,0.384,11,14,1,1,0,1,0
95,Anthony Bemboom*,Anthony Bemboom,32,BAL,22,59,52,4,6,2,0,1,1,0,0,6,17,0.115,0.207,0.212,0.418,20,11,1,0,1,0,0
609,Mickey Moniak*,Mickey Moniak,24,TOT,37,112,106,13,18,3,1,3,8,1,0,4,44,0.17,0.207,0.302,0.509,42,32,0,1,1,0,0
987,Bradley Zimmer*,Bradley Zimmer,29,TOT,109,117,105,18,13,5,0,2,5,3,2,5,45,0.124,0.207,0.229,0.435,26,24,0,6,1,0,0
277,Jerar Encarnación,Jerar Encarnación,24,MIA,23,81,77,7,14,3,0,3,14,2,0,3,32,0.182,0.21,0.338,0.548,53,26,3,0,0,1,0
483,Juan Lagares,Juan Lagares,33,LAA,20,62,60,4,11,2,1,0,0,0,0,2,15,0.183,0.21,0.25,0.46,29,15,0,0,0,0,0
130,Lewis Brinson,Lewis Brinson,28,SFG,16,39,36,5,6,2,0,3,4,1,0,2,14,0.167,0.211,0.472,0.683,87,17,0,0,1,0,0
806,Miguel Sanó,Miguel Sanó,29,MIN,20,71,60,1,5,0,0,1,3,1,0,9,25,0.083,0.211,0.133,0.345,2,8,0,1,0,1,0
77,Tres Barrera,Tres Barrera,27,WSN,19,53,50,2,9,1,0,0,4,0,0,2,16,0.18,0.212,0.2,0.412,21,10,1,0,1,0,0
249,Brandon Dixon,Brandon Dixon,30,SDP,5,14,14,1,3,1,0,0,1,0,0,0,5,0.214,0.214,0.286,0.5,45,4,1,0,0,0,0
563,Patrick Mazeika*,Patrick Mazeika,28,NYM,24,72,68,4,13,4,0,1,6,0,0,2,9,0.191,0.214,0.294,0.508,45,20,0,0,2,0,0
693,Michael Perez*,Michael Perez,29,TOT,45,132,121,10,18,0,0,6,14,1,0,10,32,0.149,0.214,0.298,0.511,44,36,2,0,1,0,0
762,Sebastián Rivero,Sebastián Rivero,23,KCR,17,29,26,2,4,0,0,0,1,0,0,2,10,0.154,0.214,0.154,0.368,7,4,0,0,1,0,0
801,Yolmer Sanchez#,Yolmer Sanchez,30,TOT,17,44,37,1,4,0,0,0,2,0,2,5,13,0.108,0.214,0.108,0.322,-6,4,0,0,2,0,0
219,Matt Davidson,Matt Davidson,31,TOT,13,37,34,3,5,0,0,2,3,0,1,3,13,0.147,0.216,0.324,0.54,55,11,0,0,0,0,0
839,Kevin Smith,Kevin Smith,25,OAK,47,151,139,9,25,9,1,2,13,4,0,7,42,0.18,0.216,0.302,0.518,51,42,5,0,3,2,0
702,Brett Phillips*,Brett Phillips,28,TOT,83,225,201,22,29,6,0,5,15,7,0,16,94,0.144,0.217,0.249,0.466,37,50,0,3,4,1,0
663,Cristian Pache,Cristian Pache,23,OAK,91,260,241,18,40,5,2,3,18,2,2,15,70,0.166,0.218,0.241,0.459,35,58,5,1,3,0,0
406,Guillermo Heredia,Guillermo Heredia,31,ATL,74,82,76,12,12,3,1,3,8,0,0,6,32,0.158,0.22,0.342,0.562,54,26,1,0,0,0,0
457,Jarred Kelenic*,Jarred Kelenic,22,SEA,54,181,163,20,23,5,1,7,17,5,2,16,61,0.141,0.221,0.313,0.534,53,51,3,1,0,1,0
213,Narciso Crook,Narciso Crook,26,CHC,4,9,8,1,2,1,0,0,2,0,0,0,3,0.25,0.222,0.375,0.597,65,3,1,0,0,1,0
243,Yainer Diaz,Yainer Diaz,23,HOU,6,9,8,0,1,1,0,0,1,0,0,1,2,0.125,0.222,0.25,0.472,35,2,0,0,0,0,0
690,Carlos Pérez,Carlos Pérez,25,CHW,7,18,18,0,4,2,0,0,2,0,0,0,2,0.222,0.222,0.333,0.556,54,6,1,0,0,0,0
785,Brent Rooker,Brent Rooker,27,TOT,16,36,32,1,4,1,0,0,2,0,0,3,11,0.125,0.222,0.156,0.378,11,5,2,1,0,0,0
242,Lewin Díaz*,Lewin Díaz,25,MIA,58,174,160,12,27,4,0,5,11,1,0,11,54,0.169,0.224,0.288,0.512,45,46,3,1,0,2,0
262,Steven Duggar*,Steven Duggar,28,TOT,29,80,72,7,11,3,1,0,4,5,1,7,41,0.153,0.225,0.222,0.447,28,16,0,0,0,1,0
501,Kyle Lewis,Kyle Lewis,26,SEA,18,62,56,6,8,0,0,3,5,0,0,5,19,0.143,0.226,0.304,0.529,52,17,2,1,0,0,0
82,Matthew Batten,Matthew Batten,27,SDP,15,22,19,0,2,1,0,0,1,0,0,2,6,0.105,0.227,0.158,0.385,16,3,0,1,0,0,0
385,Caleb Hamilton,Caleb Hamilton,27,MIN,22,23,18,5,1,0,0,1,1,0,0,4,14,0.056,0.227,0.222,0.449,30,4,0,0,1,0,0
134,Vidal Bruján#,Vidal Bruján,24,TBR,52,162,147,13,24,5,0,3,16,5,5,12,37,0.163,0.228,0.259,0.487,44,38,2,1,0,2,0
528,David MacKinnon,David MacKinnon,27,TOT,22,57,50,2,7,0,0,0,6,0,0,6,17,0.14,0.228,0.14,0.368,9,7,2,0,0,1,0
672,Michael Papierski#,Michael Papierski,26,TOT,39,103,91,7,13,1,0,1,4,0,0,10,26,0.143,0.228,0.187,0.415,15,17,4,0,2,0,0
561,Jack Mayfield,Jack Mayfield,31,LAA,23,74,70,8,13,1,1,1,6,1,0,3,17,0.186,0.23,0.271,0.501,41,19,1,1,0,0,0
17,Ryan Aguilar*,Ryan Aguilar,27,LAA,7,26,22,2,3,1,0,0,2,0,0,2,14,0.136,0.231,0.182,0.413,19,4,0,1,0,1,0
143,Lorenzo Cain,Lorenzo Cain,36,MIL,43,156,145,17,26,5,0,1,9,2,2,8,36,0.179,0.231,0.234,0.465,34,34,4,2,0,1,0
199,Zack Collins*,Zack Collins,27,TOT,36,108,97,9,15,4,0,4,11,0,0,9,41,0.155,0.231,0.32,0.551,56,31,0,1,0,1,0
656,Chris Okey,Chris Okey,27,CIN,7,13,12,3,2,0,0,0,0,0,0,0,5,0.167,0.231,0.167,0.397,10,2,0,1,0,0,0
955,Chad Wallach,Chad Wallach,30,LAA,12,40,35,3,5,1,0,1,4,0,0,4,9,0.143,0.231,0.257,0.488,38,9,1,0,1,0,0
328,Leury Garcia#,Leury Garcia,31,CHW,97,315,300,38,63,8,0,3,20,2,0,7,65,0.21,0.233,0.267,0.5,41,80,6,3,2,3,0
605,Yadier Molina,Yadier Molina,39,STL,78,270,262,19,56,8,0,5,24,2,0,5,40,0.214,0.233,0.302,0.535,53,79,10,2,0,1,0
274,Drew Ellis,Drew Ellis,26,TOT,7,17,16,2,3,1,0,0,1,0,0,1,7,0.188,0.235,0.25,0.485,39,4,0,0,0,0,0
454,Josh Jung,Josh Jung,24,TEX,26,102,98,9,20,4,1,5,14,2,0,4,39,0.204,0.235,0.418,0.654,83,41,2,0,0,0,0
554,Miles Mastrobuoni*,Miles Mastrobuoni,26,TBR,8,17,16,1,3,0,0,0,0,1,0,1,6,0.188,0.235,0.188,0.423,27,3,0,0,0,0,0
707,Manny Piña,Manny Piña,35,ATL,5,17,14,1,2,0,0,0,2,0,0,1,1,0.143,0.235,0.143,0.378,10,2,0,1,0,1,0
932,Andrew Velazquez#,Andrew Velazquez,27,LAA,125,349,322,37,63,8,0,9,28,17,1,15,119,0.196,0.236,0.304,0.54,51,98,3,3,6,3,0
476,Mark Kolozsvary,Mark Kolozsvary,26,CIN,10,21,20,3,4,2,0,1,3,0,0,1,9,0.2,0.238,0.45,0.688,81,9,1,0,0,0,0
470,Andrew Knapp#,Andrew Knapp,30,TOT,16,46,39,4,5,1,0,0,4,0,0,5,12,0.128,0.239,0.154,0.393,16,6,0,1,0,1,0
507,Tim Locastro,Tim Locastro,29,NYY,38,46,43,13,8,1,0,2,4,8,2,2,7,0.186,0.239,0.349,0.588,66,15,0,1,0,0,0
812,Jonathan Schoop,Jonathan Schoop,30,DET,131,510,481,48,97,23,1,11,38,5,0,19,107,0.202,0.239,0.322,0.561,62,155,15,6,0,4,1
903,Abraham Toro#,Abraham Toro,25,SEA,109,352,324,36,60,13,1,10,35,2,0,22,65,0.185,0.239,0.324,0.563,62,105,4,2,0,4,1
396,Austin Hedges,Austin Hedges,29,CLE,105,338,294,26,48,4,0,7,30,2,0,25,78,0.163,0.241,0.248,0.489,42,73,12,6,10,3,0
710,René Pinto,René Pinto,25,TBR,25,83,80,5,17,3,0,2,10,0,0,2,35,0.213,0.241,0.325,0.566,65,26,3,1,0,0,0
945,Stephen Vogt*,Stephen Vogt,37,OAK,70,191,168,18,27,4,1,7,23,1,0,17,46,0.161,0.241,0.321,0.562,64,54,4,2,0,4,0
551,Richie Martin,Richie Martin,27,BAL,13,33,30,4,5,0,2,0,3,3,1,3,10,0.167,0.242,0.3,0.542,54,9,0,0,0,0,0
586,Óscar Mercado,Óscar Mercado,27,TOT,55,128,121,17,25,6,1,4,16,2,2,5,29,0.207,0.242,0.372,0.614,75,45,8,1,0,1,0
195,Ernie Clement,Ernie Clement,26,TOT,69,179,163,19,30,4,0,0,6,0,1,11,26,0.184,0.243,0.209,0.452,33,34,3,2,2,1,0
83,Brett Baty*,Brett Baty,22,NYM,11,42,38,4,7,0,0,2,5,0,0,2,8,0.184,0.244,0.342,0.586,67,13,0,1,0,0,0
478,Ryan Kreidler,Ryan Kreidler,24,DET,26,84,73,8,13,1,0,1,6,0,1,6,22,0.178,0.244,0.233,0.477,40,17,0,1,2,2,0
532,Bligh Madris*,Bligh Madris,26,PIT,39,123,113,10,20,7,0,1,7,2,1,10,31,0.177,0.244,0.265,0.509,45,30,0,0,0,0,0
648,Dom Nuñez*,Dom Nuñez,27,COL,14,41,33,3,4,1,0,0,2,0,0,6,10,0.121,0.244,0.152,0.395,10,5,0,0,0,2,0
832,Andrelton Simmons,Andrelton Simmons,32,CHC,34,85,75,8,13,1,0,0,7,4,0,7,13,0.173,0.244,0.187,0.431,25,14,5,0,3,0,0
9,Riley Adams,Riley Adams,26,WSN,48,155,142,14,25,4,0,5,10,0,1,12,46,0.176,0.245,0.31,0.555,60,44,2,1,0,0,0
233,Paul DeJong,Paul DeJong,28,STL,77,237,210,19,33,9,0,6,25,3,2,21,79,0.157,0.245,0.286,0.53,52,60,2,4,0,2,0
520,Jed Lowrie#,Jed Lowrie,38,OAK,50,184,167,14,30,5,0,3,16,1,0,15,39,0.18,0.245,0.263,0.508,50,44,5,0,0,2,0
670,Josh Palacios*,Josh Palacios,26,WSN,29,49,47,8,10,2,0,0,2,1,0,1,15,0.213,0.245,0.255,0.5,46,12,0,1,0,0,0
49,Aristides Aquino,Aristides Aquino,28,CIN,80,276,259,24,51,13,0,10,30,2,3,17,101,0.197,0.246,0.363,0.609,62,94,1,0,0,0,0
325,Aramis Garcia,Aramis Garcia,29,CIN,47,115,108,6,23,2,0,1,4,0,1,3,34,0.213,0.248,0.259,0.507,38,28,4,2,2,0,0
534,Martín Maldonado,Martín Maldonado,35,HOU,113,379,344,40,64,12,0,15,45,0,0,22,116,0.186,0.248,0.352,0.6,68,121,6,7,4,2,0
912,Yoshi Tsutsugo*,Yoshi Tsutsugo,30,PIT,50,193,170,11,29,4,0,2,19,0,0,19,50,0.171,0.249,0.229,0.478,37,39,3,0,0,4,0
27,Anthony Alford,Anthony Alford,27,PIT,2,4,4,0,1,0,0,0,0,0,0,0,2,0.25,0.25,0.25,0.5,43,1,0,0,0,0,0
99,Will Benson*,Will Benson,24,CLE,28,61,55,8,10,1,0,0,3,0,0,3,19,0.182,0.25,0.2,0.45,33,11,1,2,1,0,0
376,Kelvin Gutiérrez,Kelvin Gutiérrez,27,BAL,12,33,28,2,4,1,0,0,3,1,0,4,8,0.143,0.25,0.179,0.429,26,5,1,0,0,0,0
407,Michael Hermosillo,Michael Hermosillo,27,CHC,31,73,61,7,7,2,0,0,4,1,0,7,27,0.115,0.25,0.148,0.398,17,9,0,4,1,0,0
416,Jose Herrera#,Jose Herrera,25,ARI,47,124,111,9,21,2,0,0,5,0,0,9,34,0.189,0.25,0.207,0.457,33,23,1,0,4,0,0
441,Alex Jackson,Alex Jackson,26,MIL,5,12,12,0,3,0,0,0,0,0,0,0,7,0.25,0.25,0.25,0.5,44,3,0,0,0,0,0
625,Yairo Muñoz,Yairo Muñoz,27,PHI,29,60,57,7,12,2,0,3,7,1,0,3,10,0.211,0.25,0.404,0.654,83,23,0,0,0,0,0
629,Símon Muzziotti*,Símon Muzziotti,23,PHI,9,9,7,0,1,0,0,0,0,0,0,0,2,0.143,0.25,0.143,0.393,17,1,0,1,1,0,0
755,JT Riddle*,JT Riddle,30,CIN,2,4,4,0,1,0,0,0,0,0,0,0,1,0.25,0.25,0.25,0.5,36,1,0,0,0,0,0
804,Donny Sands,Donny Sands,26,PHI,3,4,3,0,0,0,0,0,0,0,0,1,1,0,0.25,0,0.25,-20,0,1,0,0,0,0
257,Mauricio Dubón,Mauricio Dubón,27,TOT,104,265,243,31,52,9,0,5,24,2,3,13,30,0.214,0.252,0.313,0.565,60,76,7,1,3,5,0
711,Stephen Piscotty,Stephen Piscotty,31,OAK,42,139,126,12,24,4,0,5,14,2,0,9,48,0.19,0.252,0.341,0.593,73,43,2,2,0,2,1
559,J.J. Matijevic*,J.J. Matijevic,26,HOU,32,71,67,7,14,2,0,2,5,1,0,2,25,0.209,0.254,0.328,0.582,64,22,1,2,0,0,0
661,Chris Owings,Chris Owings,30,BAL,26,68,56,6,6,2,0,0,0,1,0,10,24,0.107,0.254,0.143,0.397,18,8,3,1,1,0,0
60,Willians Astudillo,Willians Astudillo,30,MIA,21,55,54,5,13,0,0,1,4,1,0,1,3,0.241,0.255,0.296,0.551,57,16,2,0,0,0,0
121,Jackie Bradley Jr.*,Jackie Bradley Jr.,32,TOT,131,370,344,30,70,23,1,4,38,2,3,24,77,0.203,0.255,0.311,0.566,58,107,5,0,2,0,0
310,Maikel Franco,Maikel Franco,29,WSN,103,388,371,31,85,15,0,9,39,1,0,12,75,0.229,0.255,0.342,0.597,72,127,18,2,0,3,0
348,Marwin Gonzalez#,Marwin Gonzalez,33,NYY,85,207,184,20,34,7,0,6,18,3,0,14,54,0.185,0.255,0.321,0.576,64,59,8,4,3,2,0
30,Nick Allen,Nick Allen,23,OAK,100,326,299,31,62,13,0,4,19,3,2,19,64,0.207,0.256,0.291,0.547,61,87,5,1,6,1,0
539,Tucupita Marcano*,Tucupita Marcano,22,PIT,49,177,160,18,33,6,2,2,13,2,1,10,44,0.206,0.256,0.306,0.562,59,49,1,1,5,1,0
45,Miguel Andujar,Miguel Andujar,27,TOT,36,140,132,13,31,5,1,1,17,4,1,5,27,0.235,0.257,0.311,0.568,62,41,1,0,0,3,0
144,Kole Calhoun*,Kole Calhoun,34,TEX,125,424,388,36,76,14,1,12,49,3,2,27,136,0.196,0.257,0.33,0.587,67,128,6,6,0,3,0
350,Romy González,Romy González,25,CHW,32,109,105,15,25,4,1,2,11,0,1,2,39,0.238,0.257,0.352,0.609,70,37,3,1,0,1,0
564,James McCann,James McCann,32,NYM,61,191,174,19,34,6,0,3,18,3,0,11,46,0.195,0.257,0.282,0.538,55,49,5,4,0,2,0
906,Ezequiel Tovar,Ezequiel Tovar,20,COL,9,35,33,2,7,1,0,1,2,0,0,2,9,0.212,0.257,0.333,0.59,57,11,0,0,0,0,0
19,Hanser Alberto,Hanser Alberto,29,LAD,73,159,156,13,38,9,2,2,15,0,1,3,25,0.244,0.258,0.365,0.623,71,57,7,0,0,0,0
18,Nick Ahmed,Nick Ahmed,32,ARI,17,54,52,7,12,2,0,3,7,0,1,2,15,0.231,0.259,0.442,0.702,95,23,2,0,0,0,0
117,Skye Bolt#,Skye Bolt,28,OAK,42,116,106,10,21,2,0,4,13,5,0,7,30,0.198,0.259,0.33,0.589,72,35,1,2,0,1,0
789,Eddie Rosario*,Eddie Rosario,30,ATL,80,270,250,27,53,12,1,5,24,3,0,17,68,0.212,0.259,0.328,0.587,63,82,3,0,0,3,0
29,Greg Allen#,Greg Allen,29,PIT,46,134,118,17,22,4,0,2,8,8,2,10,42,0.186,0.26,0.271,0.531,51,32,2,2,3,1,0
153,Luis Campusano,Luis Campusano,23,SDP,16,50,48,4,12,1,0,1,5,0,0,1,11,0.25,0.26,0.333,0.593,72,16,2,0,0,1,0
180,Jake Cave*,Jake Cave,29,MIN,54,177,164,17,35,7,3,5,20,2,0,11,49,0.213,0.26,0.384,0.644,82,63,2,0,0,2,0
236,Travis Demeritte,Travis Demeritte,27,ATL,26,96,89,9,19,2,0,3,6,0,0,6,32,0.213,0.26,0.337,0.597,66,30,2,0,0,1,0
279,Alcides Escobar,Alcides Escobar,35,WSN,40,131,124,12,27,4,2,0,8,1,1,5,32,0.218,0.26,0.282,0.542,58,35,1,2,0,0,0
345,Yan Gomes,Yan Gomes,34,CHC,86,293,277,23,65,12,0,8,31,2,0,8,47,0.235,0.26,0.365,0.625,75,101,15,3,1,4,0
938,Jonathan Villar#,Jonathan Villar,31,TOT,59,220,202,25,42,6,2,3,18,7,0,15,59,0.208,0.26,0.302,0.562,59,61,4,0,1,2,0
21,Sergio Alcántara#,Sergio Alcántara,25,TOT,93,224,205,26,45,8,1,6,29,1,2,12,57,0.22,0.261,0.356,0.617,75,73,6,1,2,4,0
488,Shea Langeliers,Shea Langeliers,24,OAK,40,153,142,14,31,10,1,6,22,0,0,9,53,0.218,0.261,0.43,0.691,99,61,4,0,0,2,0
821,Brian Serven,Brian Serven,27,COL,62,205,187,19,38,4,1,6,16,0,0,13,44,0.203,0.261,0.332,0.593,58,62,7,2,2,1,0
867,Cal Stevenson*,Cal Stevenson,25,OAK,23,71,60,5,10,3,0,0,1,1,1,8,23,0.167,0.261,0.217,0.478,43,13,1,0,2,1,0
361,Didi Gregorius*,Didi Gregorius,32,PHI,63,232,214,17,45,9,4,1,19,1,0,13,36,0.21,0.263,0.304,0.567,62,65,0,3,0,2,0
708,Chad Pinder,Chad Pinder,30,OAK,111,379,361,38,85,18,0,12,42,2,0,14,118,0.235,0.263,0.385,0.648,88,139,10,0,1,2,0
917,Justin Upton,Justin Upton,34,SEA,17,57,48,2,6,1,0,1,3,0,0,6,23,0.125,0.263,0.208,0.471,40,10,1,3,0,0,0
10,Jo Adell,Jo Adell,23,LAA,88,285,268,22,60,12,2,8,27,4,2,11,107,0.224,0.264,0.373,0.637,78,100,6,4,0,1,0
11,Ehire Adrianza#,Ehire Adrianza,32,TOT,37,110,97,8,17,3,0,0,7,1,0,11,25,0.175,0.264,0.206,0.47,39,20,2,1,0,1,0
139,Alec Burleson*,Alec Burleson,23,STL,16,53,48,4,9,1,0,1,3,1,0,5,9,0.188,0.264,0.271,0.535,55,13,1,0,0,0,0
327,Dérmis Garcia,Dérmis Garcia,24,OAK,39,125,116,13,24,6,0,5,20,0,0,8,55,0.207,0.264,0.388,0.652,89,45,1,1,0,0,0
421,Kyle Higashioka,Kyle Higashioka,32,NYY,83,248,229,27,52,7,0,10,31,0,1,12,52,0.227,0.264,0.389,0.653,85,89,5,1,2,4,0
440,Kyle Isbel*,Kyle Isbel,25,KCR,106,278,256,32,54,10,4,5,28,9,6,16,75,0.211,0.264,0.34,0.603,70,87,5,3,1,2,0
581,Francisco Mejía#,Francisco Mejía,26,TBR,93,299,289,32,70,22,0,6,31,0,0,7,65,0.242,0.264,0.381,0.645,87,110,6,2,0,1,0
93,Cody Bellinger*,Cody Bellinger,26,LAD,144,550,504,70,106,27,3,19,68,14,3,38,150,0.21,0.265,0.389,0.654,79,196,7,2,0,6,0
189,Michael Chavis,Michael Chavis,26,PIT,129,426,401,39,92,16,3,14,49,1,1,19,126,0.229,0.265,0.389,0.654,83,156,4,2,0,4,1
190,Robinson Chirinos,Robinson Chirinos,38,BAL,67,220,195,10,35,9,0,4,22,1,0,19,67,0.179,0.265,0.287,0.552,58,56,4,4,1,1,0
234,Jason Delay,Jason Delay,27,PIT,57,167,155,17,33,6,0,1,11,0,2,9,50,0.213,0.265,0.271,0.536,53,42,4,2,1,0,0
742,Zach Reks*,Zach Reks,28,TEX,16,34,34,3,9,1,0,0,3,0,1,0,10,0.265,0.265,0.294,0.559,61,10,0,0,0,0,0
326,Avisaíl García,Avisaíl García,31,MIA,98,380,357,31,80,9,0,8,35,4,0,17,109,0.224,0.266,0.317,0.582,66,113,12,4,0,2,0
879,Kurt Suzuki,Kurt Suzuki,38,LAA,51,159,139,10,25,4,0,4,15,0,0,15,29,0.18,0.266,0.295,0.561,59,41,3,2,1,2,0
921,Josh VanMeter*,Josh VanMeter,27,PIT,67,192,171,15,32,5,2,3,14,4,0,19,45,0.187,0.266,0.292,0.558,59,50,3,0,0,2,0
319,Cam Gallagher,Cam Gallagher,29,KCR,18,47,42,1,9,5,0,0,5,0,0,3,13,0.214,0.267,0.333,0.6,69,14,0,0,2,0,0
492,Bryan Lavastida,Bryan Lavastida,23,CLE,6,15,12,0,1,0,0,0,0,0,0,3,4,0.083,0.267,0.083,0.35,8,1,0,0,0,0,0
555,Jorge Mateo,Jorge Mateo,27,BAL,150,533,494,63,109,25,7,13,50,35,9,27,147,0.221,0.267,0.379,0.646,82,187,8,5,3,2,0
860,Max Stassi,Max Stassi,31,LAA,102,375,333,32,60,12,1,9,30,0,0,38,112,0.18,0.267,0.303,0.571,61,101,12,2,1,1,0
346,Erik González,Erik González,30,MIA,16,41,37,4,7,1,0,0,3,1,0,4,12,0.189,0.268,0.216,0.485,41,8,1,0,0,0,0
833,Jose Siri,Jose Siri,26,TOT,104,325,301,53,64,13,2,7,24,14,2,20,108,0.213,0.268,0.339,0.607,75,102,3,3,0,1,0
935,Mark Vientos,Mark Vientos,22,NYM,16,41,36,3,6,1,0,1,3,0,0,5,12,0.167,0.268,0.278,0.546,58,10,1,0,0,0,0
957,Taylor Walls#,Taylor Walls,25,TBR,142,466,407,53,70,18,2,8,33,10,3,52,120,0.172,0.268,0.285,0.553,64,116,6,2,2,2,0
278,Adam Engel,Adam Engel,30,CHW,119,260,245,32,55,13,1,2,17,12,4,11,76,0.224,0.269,0.31,0.579,63,76,2,4,0,0,1
595,Jake Meyers,Jake Meyers,26,HOU,52,160,150,13,34,6,2,1,15,2,1,7,54,0.227,0.269,0.313,0.582,65,47,1,2,0,1,0
958,Jared Walsh*,Jared Walsh,28,LAA,118,454,423,41,91,18,2,15,44,2,1,27,138,0.215,0.269,0.374,0.642,79,158,6,4,0,0,4
423,Derek Hill,Derek Hill,26,DET,31,92,83,8,19,2,0,1,3,3,0,5,28,0.229,0.27,0.289,0.559,63,24,0,0,3,1,0
597,Brad Miller*,Brad Miller,32,TEX,81,241,222,20,47,3,0,7,32,4,2,18,70,0.212,0.27,0.32,0.59,69,71,3,0,0,1,0
612,Elehuris Montero,Elehuris Montero,23,COL,53,185,176,21,41,15,1,6,20,0,0,8,60,0.233,0.27,0.432,0.702,84,76,4,1,0,0,0
721,Nick Pratto*,Nick Pratto,23,KCR,49,182,158,18,29,9,1,7,20,0,0,19,66,0.184,0.271,0.386,0.657,84,61,6,1,1,3,0
154,Jeimer Candelario#,Jeimer Candelario,28,DET,124,467,429,49,93,19,2,13,50,0,1,28,109,0.217,0.272,0.361,0.633,82,155,9,6,0,4,1
541,Jake Marisnick,Jake Marisnick,31,PIT,31,82,77,9,18,6,0,2,6,2,1,4,24,0.234,0.272,0.39,0.661,85,30,2,0,1,0,1
952,Tyler Wade*,Tyler Wade,27,LAA,67,163,147,22,32,5,0,1,8,8,5,10,33,0.218,0.272,0.272,0.544,55,40,3,1,5,0,0
222,Brendon Davis,Brendon Davis,24,DET,3,11,10,2,2,0,0,0,0,1,0,1,3,0.2,0.273,0.2,0.473,41,2,0,0,0,0,0
436,Andy Ibáñez,Andy Ibáñez,29,TEX,40,128,119,13,26,4,0,1,9,3,0,9,21,0.218,0.273,0.277,0.551,59,33,0,0,0,0,0
574,Zach McKinstry*,Zach McKinstry,27,TOT,57,185,166,21,33,6,3,5,14,7,0,16,52,0.199,0.273,0.361,0.635,78,60,0,1,2,0,0
606,Yoán Moncada#,Yoán Moncada,27,CHW,104,433,397,41,84,18,1,12,51,2,0,32,114,0.212,0.273,0.353,0.626,75,140,5,2,1,1,2
639,Sheldon Neuse,Sheldon Neuse,27,OAK,89,293,271,25,58,4,2,4,26,6,1,20,80,0.214,0.273,0.288,0.561,66,78,5,2,0,0,0
746,Franmil Reyes,Franmil Reyes,26,TOT,118,473,438,43,97,17,2,14,47,2,1,30,157,0.221,0.273,0.365,0.638,81,160,12,2,0,3,0
769,Victor Robles,Victor Robles,25,WSN,132,407,366,42,82,10,2,6,33,15,4,17,104,0.224,0.273,0.311,0.584,70,114,3,9,11,4,0
979,Connor Wong,Connor Wong,26,BOS,27,56,48,8,9,3,0,1,7,0,0,5,16,0.188,0.273,0.313,0.585,63,15,0,1,1,1,0
145,Willie Calhoun*,Willie Calhoun,27,TOT,22,62,52,7,7,3,0,1,3,0,0,9,8,0.135,0.274,0.25,0.524,52,13,2,1,0,0,0
434,Cooper Hummel#,Cooper Hummel,27,ARI,66,201,176,20,31,8,3,3,17,4,1,23,64,0.176,0.274,0.307,0.58,66,54,4,1,0,1,0
522,Jordan Luplow,Jordan Luplow,28,ARI,83,234,205,26,36,5,0,11,28,5,1,25,60,0.176,0.274,0.361,0.634,79,74,5,3,0,1,1
662,Marcell Ozuna,Marcell Ozuna,31,ATL,124,507,470,56,106,19,0,23,56,2,1,31,122,0.226,0.274,0.413,0.687,89,194,12,2,0,4,0
968,Eli White,Eli White,28,TEX,47,117,105,16,21,2,0,3,10,12,1,11,41,0.2,0.274,0.305,0.578,66,32,0,0,0,1,0
653,Rougned Odor*,Rougned Odor,28,BAL,135,472,426,49,88,19,3,13,53,6,1,32,109,0.207,0.275,0.357,0.632,79,152,9,10,0,4,1
847,Edmundo Sosa,Edmundo Sosa,26,TOT,78,190,176,26,40,11,4,2,21,6,1,5,50,0.227,0.275,0.369,0.644,83,65,6,7,1,1,0
892,Alek Thomas*,Alek Thomas,22,ARI,113,411,381,45,88,17,1,8,39,4,3,22,74,0.231,0.275,0.344,0.619,76,131,6,3,0,5,0
900,Michael Toglia#,Michael Toglia,23,COL,31,120,111,10,24,8,2,2,12,1,1,9,44,0.216,0.275,0.378,0.653,73,42,2,0,0,0,0
50,Jonathan Aranda*,Jonathan Aranda,24,TBR,32,87,78,10,15,4,0,2,6,0,0,8,23,0.192,0.276,0.321,0.596,76,25,1,1,0,0,1
271,Adam Duvall,Adam Duvall,33,ATL,86,315,287,39,61,16,1,12,36,0,2,21,101,0.213,0.276,0.401,0.677,86,115,2,5,0,2,0
398,Tyler Heineman#,Tyler Heineman,31,TOT,62,174,157,16,34,8,0,0,9,1,0,8,17,0.217,0.276,0.268,0.544,56,42,3,5,4,0,0
642,Tomás Nido,Tomás Nido,28,NYM,98,313,284,31,68,15,0,3,28,0,0,14,76,0.239,0.276,0.324,0.6,72,92,14,1,12,2,0
676,Hoy Park*,Hoy Park,26,PIT,23,60,51,7,11,2,0,2,6,1,0,4,15,0.216,0.276,0.373,0.648,82,19,0,1,2,2,0
837,Dominic Smith*,Dominic Smith,27,NYM,58,152,134,11,26,10,1,0,17,0,0,12,37,0.194,0.276,0.284,0.56,62,38,0,4,0,2,0
112,JJ Bleday*,JJ Bleday,24,MIA,65,238,204,21,34,10,2,5,16,4,1,30,67,0.167,0.277,0.309,0.586,67,63,5,2,0,2,0
268,Ezequiel Duran,Ezequiel Duran,23,TEX,58,220,208,25,49,10,1,5,25,4,1,12,54,0.236,0.277,0.365,0.643,83,76,3,0,0,0,0
815,Frank Schwindel,Frank Schwindel,30,CHC,75,292,271,23,62,11,0,8,36,0,0,19,58,0.229,0.277,0.358,0.635,78,97,12,0,0,2,1
67,Javier Báez,Javier Báez,29,DET,144,590,555,64,132,27,4,17,67,9,2,26,147,0.238,0.278,0.393,0.671,93,218,13,6,0,3,1
88,Seth Beer*,Seth Beer,25,ARI,38,126,111,4,21,3,0,1,9,0,0,11,31,0.189,0.278,0.243,0.521,51,27,3,3,0,1,1
418,Jason Heyward*,Jason Heyward,32,CHC,48,151,137,15,28,5,1,1,10,1,0,11,32,0.204,0.278,0.277,0.556,58,38,3,3,0,0,0
417,Odúbel Herrera*,Odúbel Herrera,30,PHI,62,197,185,23,44,9,1,5,21,6,0,11,42,0.238,0.279,0.378,0.658,86,70,3,0,0,1,0
864,Michael Stefanic,Michael Stefanic,26,LAA,25,69,61,5,12,2,0,0,0,0,0,5,12,0.197,0.279,0.23,0.509,46,14,1,2,1,0,0
1,CJ Abrams*,CJ Abrams,21,TOT,90,302,284,33,70,12,2,2,21,7,4,5,50,0.246,0.28,0.324,0.604,76,92,5,9,2,2,0
320,Joey Gallo*,Joey Gallo,28,TOT,126,410,350,48,56,8,2,19,47,3,0,56,163,0.16,0.28,0.357,0.638,80,125,0,3,0,1,0
424,Sam Hilliard*,Sam Hilliard,28,COL,70,200,174,26,32,6,1,2,14,5,1,23,57,0.184,0.28,0.264,0.544,47,46,2,1,0,2,0
681,Mark Payton*,Mark Payton,30,CHW,8,25,21,3,3,0,0,0,1,0,0,4,4,0.143,0.28,0.143,0.423,25,3,0,0,0,0,0
800,Jesús Sánchez*,Jesús Sánchez,24,MIA,98,343,313,38,67,14,3,13,36,1,0,26,92,0.214,0.28,0.403,0.682,92,126,7,3,0,1,0
941,Meibrys Viloria*,Meibrys Viloria,25,TEX,26,75,63,10,10,1,0,2,5,0,0,11,29,0.159,0.28,0.27,0.55,59,17,0,0,0,1,0
14,Jesús Aguilar,Jesús Aguilar,32,TOT,129,507,464,39,109,19,0,16,51,1,0,28,119,0.235,0.281,0.379,0.661,87,176,8,4,0,5,1
240,Elias Díaz,Elias Díaz,31,COL,105,381,351,29,80,18,2,9,51,0,1,25,82,0.228,0.281,0.368,0.648,72,129,8,2,0,3,0
443,Travis Jankowski*,Travis Jankowski,31,TOT,44,64,55,11,9,0,0,0,2,3,0,8,10,0.164,0.281,0.164,0.445,33,9,0,1,0,0,0
463,Kevin Kiermaier*,Kevin Kiermaier,32,TBR,63,221,206,28,47,8,0,7,22,6,1,14,61,0.228,0.281,0.369,0.649,90,76,2,1,0,0,0
514,Nicky Lopez*,Nicky Lopez,27,KCR,141,480,436,51,99,12,4,0,20,13,3,29,63,0.227,0.281,0.273,0.554,58,119,8,4,10,1,0
32,Albert Almora,Albert Almora,28,CIN,64,235,215,26,48,10,1,5,29,3,2,17,46,0.223,0.282,0.349,0.631,70,75,9,1,1,1,0
381,Darick Hall*,Darick Hall,26,PHI,41,142,136,19,34,8,1,9,16,0,0,5,44,0.25,0.282,0.522,0.804,123,71,3,1,0,0,0
458,Carson Kelly,Carson Kelly,27,ARI,104,354,317,40,67,18,0,7,35,2,0,29,71,0.211,0.282,0.334,0.617,76,106,10,4,0,4,0
482,Tommy La Stella*,Tommy La Stella,33,SFG,60,195,180,17,43,14,0,2,14,0,0,11,30,0.239,0.282,0.35,0.632,79,63,4,1,0,3,0
631,Tyler Naquin*,Tyler Naquin,31,TOT,105,334,310,47,71,19,4,11,46,4,2,19,93,0.229,0.282,0.423,0.705,92,131,3,4,1,0,2
799,Gary Sánchez,Gary Sánchez,29,MIN,128,471,419,42,86,24,0,16,61,2,0,40,136,0.205,0.282,0.377,0.659,88,158,12,7,0,5,0
102,Christian Bethancourt,Christian Bethancourt,30,TOT,100,333,318,39,80,17,0,11,34,5,1,12,80,0.252,0.283,0.409,0.692,101,130,6,2,1,0,0
216,Charlie Culberson,Charlie Culberson,33,TEX,68,124,115,19,29,6,0,2,12,2,3,5,31,0.252,0.283,0.357,0.64,83,41,5,0,4,0,0
218,Bobby Dalbec,Bobby Dalbec,27,BOS,117,353,317,40,68,9,2,12,39,3,0,29,118,0.215,0.283,0.369,0.652,80,117,5,3,0,4,0
269,Jarren Duran*,Jarren Duran,25,BOS,58,223,204,23,45,14,3,3,17,7,1,14,63,0.221,0.283,0.363,0.645,78,74,1,4,0,1,0
777,Miguel Rojas,Miguel Rojas,33,MIA,140,507,471,34,111,19,2,6,36,9,3,26,61,0.236,0.283,0.323,0.605,73,152,12,6,1,3,1
904,Luis Torrens,Luis Torrens,26,SEA,55,166,151,13,34,2,0,3,15,0,0,12,50,0.225,0.283,0.298,0.581,70,45,5,1,0,2,0
909,Jose Trevino,Jose Trevino,29,NYY,115,353,335,39,83,12,1,11,43,2,1,15,62,0.248,0.283,0.388,0.671,91,130,5,2,0,1,0
137,Peyton Burdick,Peyton Burdick,25,MIA,32,102,92,8,19,4,0,4,11,1,0,8,35,0.207,0.284,0.38,0.665,88,35,1,2,0,0,0
179,Willi Castro#,Willi Castro,25,DET,112,392,365,47,88,18,2,8,31,9,4,15,82,0.241,0.284,0.367,0.651,88,134,4,8,1,3,0
332,Kyle Garlick,Kyle Garlick,30,MIN,66,162,150,23,35,3,0,9,18,0,0,8,48,0.233,0.284,0.433,0.717,102,65,2,3,0,1,0
365,Trent Grisham*,Trent Grisham,25,SDP,152,524,451,58,83,16,2,17,53,7,1,57,150,0.184,0.284,0.341,0.626,82,154,3,7,7,2,1
518,Josh Lowe*,Josh Lowe,24,TBR,52,198,181,24,40,12,2,2,13,3,0,15,66,0.221,0.284,0.343,0.627,84,62,1,1,1,0,1
730,Cal Raleigh#,Cal Raleigh,25,SEA,119,415,370,46,78,20,1,27,63,1,0,38,122,0.211,0.284,0.489,0.774,120,181,5,2,0,5,0
907,Taylor Trammell*,Taylor Trammell,24,SEA,43,117,102,15,20,9,0,4,10,2,1,13,33,0.196,0.284,0.402,0.686,97,41,2,0,1,1,0
26,Jorge Alfaro,Jorge Alfaro,29,SDP,82,274,256,25,63,14,0,7,40,1,0,11,98,0.246,0.285,0.383,0.667,93,98,5,4,0,3,0
447,Ryan Jeffers,Ryan Jeffers,25,MIN,67,236,212,25,44,10,1,7,27,0,0,23,62,0.208,0.285,0.363,0.648,85,77,6,0,1,0,0
689,Geraldo Perdomo#,Geraldo Perdomo,22,ARI,148,500,431,58,84,10,2,5,40,9,2,50,103,0.195,0.285,0.262,0.547,58,113,3,5,12,2,0
902,Spencer Torkelson,Spencer Torkelson,22,DET,110,404,360,38,73,16,1,8,28,0,1,37,99,0.203,0.285,0.319,0.604,76,115,12,5,0,2,0
37,Francisco Álvarez,Francisco Álvarez,20,NYM,5,14,12,3,2,1,0,1,1,0,0,2,4,0.167,0.286,0.5,0.786,121,6,1,0,0,0,0
100,Wynton Bernard,Wynton Bernard,31,COL,12,42,42,9,12,1,0,0,3,3,1,0,8,0.286,0.286,0.31,0.595,60,13,1,0,0,0,0
110,Dairon Blanco,Dairon Blanco,29,KCR,5,7,7,1,2,0,0,0,2,1,0,0,4,0.286,0.286,0.286,0.571,63,2,0,0,0,0,0
152,Daz Cameron,Daz Cameron,25,DET,21,70,64,6,14,3,1,1,8,2,0,5,20,0.219,0.286,0.344,0.629,82,22,1,1,0,0,0
603,Calvin Mitchell*,Calvin Mitchell,23,PIT,69,232,212,21,48,11,0,5,17,3,1,18,52,0.226,0.286,0.349,0.635,80,74,3,0,1,1,0
712,Kevin Plawecki,Kevin Plawecki,31,TOT,63,186,168,15,37,8,0,1,13,0,0,14,32,0.22,0.286,0.286,0.572,61,48,6,2,1,1,0
888,Tyrone Taylor,Tyrone Taylor,28,MIL,120,405,373,49,87,21,3,17,51,3,2,22,102,0.233,0.286,0.442,0.729,104,165,11,7,0,3,0
894,Dillon Thomas*,Dillon Thomas,29,LAA,8,14,11,1,1,0,0,0,0,0,0,2,6,0.091,0.286,0.091,0.377,14,1,0,1,0,0,0
933,Nelson Velázquez,Nelson Velázquez,23,CHC,77,206,185,20,38,7,3,6,26,5,2,19,65,0.205,0.286,0.373,0.659,85,69,5,2,0,0,0
75,Tucker Barnhart*,Tucker Barnhart,31,DET,94,308,281,16,62,10,0,1,16,0,0,25,74,0.221,0.287,0.267,0.554,63,75,7,1,1,0,0
238,Aledmys Díaz,Aledmys Díaz,31,HOU,92,327,305,35,74,13,0,12,38,1,1,18,53,0.243,0.287,0.403,0.691,94,123,7,2,0,2,0
386,Garrett Hampson,Garrett Hampson,27,COL,90,226,199,29,42,7,3,2,15,12,2,21,63,0.211,0.287,0.307,0.594,59,61,3,1,3,2,0
460,Buddy Kennedy,Buddy Kennedy,23,ARI,30,94,83,10,18,2,2,1,12,0,0,8,23,0.217,0.287,0.325,0.613,75,27,1,1,0,2,0
491,Ramón Laureano,Ramón Laureano,27,OAK,94,383,346,49,73,18,0,13,34,11,6,25,104,0.211,0.287,0.376,0.663,94,130,6,12,0,0,0
726,Roman Quinn#,Roman Quinn,29,TOT,44,87,79,15,17,3,2,0,7,4,3,7,36,0.215,0.287,0.304,0.591,72,24,0,1,0,0,0
970,Luke Williams,Luke Williams,25,TOT,79,136,127,21,30,5,1,1,6,11,4,9,44,0.236,0.287,0.315,0.602,72,40,1,0,0,0,1
294,David Fletcher,David Fletcher,28,LAA,61,228,216,20,55,9,1,2,17,1,0,7,16,0.255,0.288,0.333,0.621,75,72,6,3,2,0,0
374,Yuli Gurriel,Yuli Gurriel,38,HOU,146,584,545,53,132,40,0,8,53,8,0,30,73,0.242,0.288,0.36,0.647,83,196,13,6,0,3,0
62,Akil Baddoo*,Akil Baddoo,23,DET,73,225,201,30,41,3,2,2,9,9,6,24,64,0.204,0.289,0.269,0.558,64,54,2,0,0,0,0
182,Yu Chang,Yu Chang,26,TOT,69,190,168,19,35,6,0,4,15,0,1,16,59,0.208,0.289,0.315,0.605,76,53,5,4,0,2,0
684,Jeremy Peña,Jeremy Peña,24,HOU,136,558,521,72,132,20,2,22,63,11,2,22,135,0.253,0.289,0.426,0.715,100,222,5,6,1,5,0
750,Victor Reyes#,Victor Reyes,27,DET,92,336,315,27,80,19,3,3,34,2,2,13,77,0.254,0.289,0.362,0.651,88,114,7,4,0,4,0
468,Alex Kirilloff*,Alex Kirilloff,24,MIN,45,156,144,14,36,7,0,3,21,0,0,5,36,0.25,0.29,0.361,0.651,86,52,5,4,0,2,0
649,Ryan O'Hearn*,Ryan O'Hearn,28,KCR,67,145,134,14,32,6,1,1,16,0,0,8,35,0.239,0.29,0.321,0.611,73,43,2,2,0,1,0
411,Enrique Hernández,Enrique Hernández,30,BOS,93,402,361,48,80,24,0,6,45,0,2,34,71,0.222,0.291,0.338,0.629,75,122,11,3,0,4,0
873,Myles Straw,Myles Straw,27,CLE,152,596,535,72,118,22,3,0,32,21,1,54,87,0.221,0.291,0.273,0.564,65,146,4,1,2,4,0
235,Ben DeLuzio,Ben DeLuzio,27,STL,22,25,20,3,3,1,0,0,0,0,1,3,5,0.15,0.292,0.2,0.492,46,4,0,1,1,0,0
253,Hunter Dozier,Hunter Dozier,30,KCR,128,500,462,51,109,26,4,12,41,4,3,34,125,0.236,0.292,0.387,0.679,91,179,14,3,0,1,0
635,Omar Narváez*,Omar Narváez,30,MIL,84,296,262,21,54,12,1,4,23,0,0,29,57,0.206,0.292,0.305,0.597,71,80,4,3,1,1,1
697,Salvador Perez,Salvador Perez,32,KCR,114,473,445,48,113,23,1,23,76,0,0,18,109,0.254,0.292,0.465,0.757,110,207,9,7,0,3,2
717,AJ Pollock,AJ Pollock,34,CHW,138,527,489,61,120,26,1,14,56,3,1,32,98,0.245,0.292,0.389,0.681,90,190,13,2,0,4,0
759,Emmanuel Rivera,Emmanuel Rivera,26,TOT,102,359,330,46,77,16,3,12,40,1,2,23,83,0.233,0.292,0.409,0.702,97,135,8,5,0,1,0
858,Jacob Stallings,Jacob Stallings,32,MIA,114,384,346,25,77,12,0,4,34,0,1,29,83,0.223,0.292,0.292,0.584,68,101,15,6,1,2,0
883,Raimel Tapia*,Raimel Tapia,28,TOR,128,433,411,47,109,20,3,7,52,8,2,16,81,0.265,0.292,0.38,0.672,92,156,12,0,3,1,0
671,Richie Palacios*,Richie Palacios,25,CLE,54,123,112,7,26,6,0,0,10,2,0,9,20,0.232,0.293,0.286,0.578,69,32,2,1,0,1,1
757,Edwin Rios*,Edwin Rios,28,LAD,27,92,86,12,21,1,0,7,17,0,1,5,36,0.244,0.293,0.5,0.793,116,43,2,1,0,0,1
20,Ozzie Albies#,Ozzie Albies,25,ATL,64,269,247,36,61,16,0,8,35,3,5,16,47,0.247,0.294,0.409,0.703,94,101,0,2,0,4,0
63,Harrison Bader,Harrison Bader,28,TOT,86,313,292,38,73,10,3,5,30,17,3,15,62,0.25,0.294,0.356,0.65,86,104,4,4,0,2,0
76,Luis Barrera*,Luis Barrera,26,OAK,32,85,77,3,18,5,0,1,7,3,0,6,17,0.234,0.294,0.338,0.632,86,26,2,1,0,1,0
215,Oneil Cruz*,Oneil Cruz,23,PIT,87,361,331,45,77,13,4,17,54,10,4,28,126,0.233,0.294,0.45,0.744,108,149,3,1,0,1,1
230,Bryan De La Cruz,Bryan De La Cruz,25,MIA,115,355,329,38,83,20,0,13,43,4,0,19,90,0.252,0.294,0.432,0.725,104,142,8,2,0,4,0
241,Jordan Diaz,Jordan Diaz,21,OAK,15,51,49,3,13,3,0,0,1,0,0,2,7,0.265,0.294,0.327,0.621,83,16,1,0,0,0,0
525,Dixon Machado,Dixon Machado,30,SFG,5,17,15,1,3,0,0,0,0,0,0,1,5,0.2,0.294,0.2,0.494,45,3,0,1,0,0,0
572,Ryan McKenna,Ryan McKenna,25,BAL,104,172,156,23,37,10,0,2,11,2,1,11,55,0.237,0.294,0.34,0.634,81,53,3,2,2,1,1
745,Luis Rengifo#,Luis Rengifo,25,LAA,127,511,489,45,129,22,4,17,52,6,2,17,79,0.264,0.294,0.429,0.724,101,210,11,4,1,0,0
977,Bobby Witt,Bobby Witt,22,KCR,150,632,591,82,150,31,6,20,80,30,7,30,135,0.254,0.294,0.428,0.722,102,253,12,6,0,5,2
280,Eduardo Escobar#,Eduardo Escobar,33,NYM,136,542,495,58,119,26,4,20,69,0,2,40,129,0.24,0.295,0.43,0.726,106,213,4,1,0,6,3
329,Luis García*,Luis García,22,WSN,93,377,360,29,99,23,2,7,45,3,4,11,84,0.275,0.295,0.408,0.704,102,147,6,1,1,4,1
543,Brandon Marsh*,Brandon Marsh,24,TOT,134,461,424,49,104,18,4,11,52,10,4,28,158,0.245,0.295,0.384,0.679,91,163,4,3,3,3,1
622,Mike Moustakas*,Mike Moustakas,33,CIN,78,285,252,30,54,12,0,7,25,2,0,24,75,0.214,0.295,0.345,0.64,73,87,8,6,0,3,0
827,Gavin Sheets*,Gavin Sheets,26,CHW,124,410,377,34,91,19,0,15,53,0,0,27,86,0.241,0.295,0.411,0.706,97,155,9,3,0,3,0
846,Jorge Soler,Jorge Soler,30,MIA,72,306,270,32,56,13,0,13,34,0,2,31,90,0.207,0.295,0.4,0.695,96,108,9,3,0,1,1
870,Bryson Stott*,Bryson Stott,24,PHI,127,466,427,58,100,19,2,10,49,12,4,36,89,0.234,0.295,0.358,0.653,86,153,3,1,1,1,0
79,Joey Bart,Joey Bart,25,SFG,97,291,261,34,56,6,0,11,25,2,1,26,112,0.215,0.296,0.364,0.66,86,95,5,4,0,0,0
820,Nick Senzel,Nick Senzel,27,CIN,110,420,373,45,86,13,0,5,25,8,5,30,76,0.231,0.296,0.306,0.601,64,114,7,5,2,1,0
984,Juan Yepez,Juan Yepez,24,STL,76,274,253,27,64,13,0,12,30,0,0,16,61,0.253,0.296,0.447,0.742,110,113,6,1,0,4,0
31,Abraham Almonte#,Abraham Almonte,33,BOS,15,37,35,7,9,2,0,1,2,1,0,1,12,0.257,0.297,0.4,0.697,92,14,1,1,0,0,0
151,Johan Camargo#,Johan Camargo,28,PHI,52,166,152,8,36,3,0,3,15,0,0,13,37,0.237,0.297,0.316,0.613,75,48,1,0,1,0,0
859,Giancarlo Stanton,Giancarlo Stanton,32,NYY,110,452,398,53,84,7,0,31,78,0,0,50,137,0.211,0.297,0.462,0.759,114,184,8,0,0,3,2
936,Matt Vierling,Matt Vierling,25,PHI,117,357,325,41,80,12,2,6,32,7,4,23,70,0.246,0.297,0.351,0.648,84,114,7,3,0,6,0
967,Joey Wendle*,Joey Wendle,32,MIA,101,371,347,27,90,24,1,3,32,12,3,15,50,0.259,0.297,0.36,0.658,87,125,7,5,1,3,0
8,Willy Adames,Willy Adames,26,MIL,139,617,563,83,134,31,0,31,98,8,3,49,166,0.238,0.298,0.458,0.756,112,258,11,1,0,4,3
61,José Azocar,José Azocar,26,SDP,98,216,202,24,52,9,3,0,10,5,6,12,44,0.257,0.298,0.332,0.629,84,67,6,0,1,1,0
335,Mitch Garver,Mitch Garver,31,TEX,54,215,188,23,39,7,0,10,24,1,1,23,53,0.207,0.298,0.404,0.702,99,76,3,2,0,2,0
397,Jonah Heim#,Jonah Heim,27,TEX,127,450,406,51,92,20,1,16,48,2,0,41,87,0.227,0.298,0.399,0.697,98,162,10,1,0,2,0
497,Sandy León#,Sandy León,33,TOT,33,86,71,6,12,3,0,0,4,0,0,13,27,0.169,0.298,0.211,0.509,50,15,2,0,2,0,0
592,Whit Merrifield,Whit Merrifield,33,TOT,139,550,504,70,126,28,1,11,58,16,5,38,85,0.25,0.298,0.375,0.673,90,189,11,0,0,8,0
878,Jack Suwinski*,Jack Suwinski,23,PIT,106,372,326,45,66,11,0,19,38,4,2,41,114,0.202,0.298,0.411,0.709,99,134,5,4,0,1,1
976,Patrick Wisdom,Patrick Wisdom,30,CHC,134,534,469,67,97,28,0,25,66,8,4,53,183,0.207,0.298,0.426,0.725,102,200,8,9,1,2,1
178,Rodolfo Castro#,Rodolfo Castro,23,PIT,71,278,253,25,59,8,4,11,27,5,3,22,74,0.233,0.299,0.427,0.725,103,108,6,2,0,1,0
363,Randal Grichuk,Randal Grichuk,30,COL,140,538,506,60,131,21,3,19,73,4,0,24,127,0.259,0.299,0.425,0.724,91,215,12,6,0,2,0
640,Tyler Nevin,Tyler Nevin,25,BAL,58,184,157,17,31,4,0,2,16,0,0,20,46,0.197,0.299,0.261,0.56,63,41,4,4,0,3,0
922,Ildemaro Vargas#,Ildemaro Vargas,30,TOT,63,222,209,19,55,13,1,4,23,3,1,8,23,0.263,0.299,0.392,0.691,98,82,6,3,1,1,0
164,Victor Caratini#,Victor Caratini,28,MIL,95,314,272,26,54,12,0,9,34,0,0,31,67,0.199,0.3,0.342,0.642,83,93,11,9,1,1,1
176,Harold Castro*,Harold Castro,28,DET,120,443,420,37,114,21,2,7,47,0,1,17,79,0.271,0.3,0.381,0.681,97,160,5,1,3,2,1
207,Franchy Cordero*,Franchy Cordero,27,BOS,84,275,242,36,53,17,1,8,29,4,1,28,92,0.219,0.3,0.397,0.697,92,96,1,1,2,2,1
247,Corey Dickerson*,Corey Dickerson,33,STL,96,297,281,28,75,17,1,6,36,0,0,12,48,0.267,0.3,0.399,0.698,99,112,4,2,0,2,1
324,Adolis García,Adolis García,29,TEX,156,657,605,88,151,34,5,27,101,25,6,40,183,0.25,0.3,0.456,0.756,113,276,9,6,0,6,2
354,Nolan Gorman*,Nolan Gorman,22,STL,89,313,283,44,64,13,0,14,35,1,0,28,103,0.226,0.3,0.42,0.721,105,119,2,2,0,0,0
479,Jason Krizan*,Jason Krizan,33,SFG,3,10,8,0,1,0,0,0,0,0,0,2,3,0.125,0.3,0.125,0.425,28,1,0,0,0,0,0
527,Vimael Machín*,Vimael Machín,28,OAK,73,253,223,26,49,12,0,1,13,1,1,25,47,0.22,0.3,0.287,0.587,75,64,6,2,0,3,0
840,Pavin Smith*,Pavin Smith,26,ARI,75,277,245,24,54,9,0,9,33,1,0,28,67,0.22,0.3,0.367,0.667,89,90,2,1,0,3,1
129,Jonah Bride,Jonah Bride,26,OAK,58,187,162,17,33,4,0,1,6,1,0,19,32,0.204,0.301,0.247,0.548,65,40,4,4,1,1,0
312,Adam Frazier*,Adam Frazier,30,SEA,156,602,541,61,129,22,4,3,42,11,6,46,73,0.238,0.301,0.311,0.612,79,168,15,5,4,6,1
358,Yasmani Grandal#,Yasmani Grandal,33,CHW,99,376,327,15,66,7,0,5,27,1,0,45,79,0.202,0.301,0.269,0.57,63,88,8,2,0,2,1
475,Andrew Knizner,Andrew Knizner,27,STL,96,293,260,28,56,10,0,4,25,0,1,26,62,0.215,0.301,0.3,0.601,74,78,9,6,1,0,0
533,Luke Maile,Luke Maile,31,CLE,76,206,181,19,40,10,0,3,17,0,0,19,54,0.221,0.301,0.326,0.627,82,59,6,3,0,3,0
598,Owen Miller,Owen Miller,25,CLE,130,472,424,53,103,26,1,6,51,2,0,32,93,0.243,0.301,0.351,0.652,89,149,8,7,0,9,1
895,Lane Thomas,Lane Thomas,26,WSN,146,548,498,62,120,26,2,17,52,8,4,41,132,0.241,0.301,0.404,0.705,103,201,8,4,0,5,0
138,Jake Burger,Jake Burger,26,CHW,51,183,168,20,42,9,1,8,26,0,0,10,56,0.25,0.302,0.458,0.761,111,77,7,3,1,1,1
298,Mike Ford*,Mike Ford,29,TOT,50,149,131,9,27,5,0,3,10,0,0,17,40,0.206,0.302,0.313,0.615,76,41,1,1,0,0,0
896,Bubba Thompson,Bubba Thompson,24,TEX,55,181,170,18,45,5,0,1,9,18,3,7,56,0.265,0.302,0.312,0.613,77,53,2,2,2,0,0
926,Daulton Varsho*,Daulton Varsho,25,ARI,151,592,531,79,125,23,3,27,74,16,6,46,145,0.235,0.302,0.443,0.745,109,235,8,7,2,5,0
42,Elvis Andrus,Elvis Andrus,33,TOT,149,577,535,66,133,32,0,17,58,18,4,39,92,0.249,0.303,0.404,0.707,103,216,11,3,0,0,0
432,Sam Huff,Sam Huff,24,TEX,44,132,121,9,29,4,0,4,10,1,0,11,42,0.24,0.303,0.372,0.675,93,45,1,0,0,0,1
869,Trevor Story,Trevor Story,29,BOS,94,396,357,53,85,22,0,16,66,13,0,32,122,0.238,0.303,0.434,0.737,102,155,9,3,0,4,4
305,Nick Fortes,Nick Fortes,25,MIA,72,240,217,41,50,6,1,9,24,5,3,18,45,0.23,0.304,0.392,0.696,97,85,5,5,0,0,0
675,Isaac Paredes,Isaac Paredes,23,TBR,111,381,331,48,68,16,0,20,45,0,1,44,67,0.205,0.304,0.435,0.74,115,144,12,4,0,2,0
819,Marcus Semien,Marcus Semien,31,TEX,161,724,657,101,163,31,5,26,83,25,8,53,120,0.248,0.304,0.429,0.733,108,282,7,4,0,10,0
886,Chris Taylor,Chris Taylor,31,LAD,118,454,402,45,89,25,3,10,43,10,1,44,160,0.221,0.304,0.373,0.677,87,150,4,5,0,3,2
132,Seth Brown*,Seth Brown,29,OAK,150,555,500,55,115,26,3,25,73,11,2,51,146,0.23,0.305,0.444,0.749,117,222,7,3,0,1,3
141,Miguel Cabrera,Miguel Cabrera,39,DET,112,433,397,25,101,10,0,5,43,1,0,28,101,0.254,0.305,0.317,0.622,82,126,11,3,0,5,3
173,Nick Castellanos,Nick Castellanos,30,PHI,136,558,524,56,138,27,0,13,62,7,1,29,130,0.263,0.305,0.389,0.694,97,204,15,3,0,2,0
378,Eric Haase,Eric Haase,29,DET,110,351,323,41,82,17,1,14,44,0,0,24,97,0.254,0.305,0.443,0.748,114,143,9,1,0,3,1
531,Nick Madrigal,Nick Madrigal,25,CHC,59,228,209,19,52,7,0,0,7,3,1,14,27,0.249,0.305,0.282,0.588,68,59,6,3,2,0,0
614,Colin Moran*,Colin Moran,29,CIN,42,128,109,11,23,3,0,5,23,0,0,16,30,0.211,0.305,0.376,0.681,83,41,4,0,0,3,0
621,Ryan Mountcastle,Ryan Mountcastle,25,BAL,145,609,555,62,139,28,1,22,85,4,1,43,154,0.25,0.305,0.423,0.729,106,235,12,4,0,7,1
872,Dee Strange-Gordon*,Dee Strange-Gordon,34,WSN,22,59,59,6,18,1,1,0,2,3,2,0,8,0.305,0.305,0.356,0.661,92,21,1,0,0,0,0
919,Ramón Urías,Ramón Urías,28,BAL,118,445,403,50,100,17,1,16,51,1,0,30,98,0.248,0.305,0.414,0.72,104,167,7,5,3,4,1
951,LaMonte Wade Jr.*,LaMonte Wade Jr.,28,SFG,77,251,217,29,45,7,1,8,26,1,0,26,51,0.207,0.305,0.359,0.665,88,78,0,5,2,1,0
982,Mike Yastrzemski*,Mike Yastrzemski,31,SFG,148,558,485,73,104,31,2,17,57,5,1,61,141,0.214,0.305,0.392,0.697,97,190,3,5,1,6,0
140,Byron Buxton,Byron Buxton,28,MIN,92,382,340,61,76,13,3,28,51,6,0,34,116,0.224,0.306,0.526,0.833,133,179,0,7,0,1,0
395,Austin Hays,Austin Hays,26,BAL,145,582,535,66,134,35,2,16,60,2,4,34,114,0.25,0.306,0.413,0.719,103,221,11,10,0,3,0
489,Trevor Larnach*,Trevor Larnach,25,MIN,51,180,160,22,37,13,0,5,18,0,0,18,57,0.231,0.306,0.406,0.712,102,65,1,0,0,2,1
731,Luke Raley*,Luke Raley,27,TBR,22,72,61,7,12,2,0,1,4,0,0,7,24,0.197,0.306,0.279,0.584,74,17,1,3,0,1,0
863,Spencer Steer,Spencer Steer,24,CIN,28,108,95,12,20,5,0,2,8,0,1,11,26,0.211,0.306,0.326,0.632,72,31,2,2,0,0,0
871,Kyle Stowers*,Kyle Stowers,24,BAL,34,98,91,11,23,4,1,3,11,0,0,5,29,0.253,0.306,0.418,0.724,105,38,3,2,0,0,0
889,Rowdy Tellez*,Rowdy Tellez,27,MIL,153,599,529,67,116,23,0,35,89,2,1,62,121,0.219,0.306,0.461,0.767,115,244,20,5,0,3,9
459,Tony Kemp*,Tony Kemp,30,OAK,147,558,497,61,117,24,2,7,46,11,1,45,69,0.235,0.307,0.334,0.641,90,166,5,8,5,3,0
553,Michael Massey*,Michael Massey,24,KCR,52,194,173,16,42,9,1,4,17,3,0,9,46,0.243,0.307,0.376,0.683,93,65,1,8,2,2,0
569,Reese McGuire*,Reese McGuire,27,TOT,89,274,249,25,67,14,1,3,22,1,0,12,56,0.269,0.307,0.369,0.677,89,92,6,3,6,3,0
791,Darin Ruf,Darin Ruf,35,TOT,118,388,334,52,68,12,0,11,45,2,0,45,105,0.204,0.307,0.338,0.645,84,113,11,6,0,3,0
838,Josh H. Smith*,Josh H. Smith,24,TEX,73,253,213,23,42,5,0,2,16,4,3,28,50,0.197,0.307,0.249,0.556,63,53,1,7,2,3,0
209,Brandon Crawford*,Brandon Crawford,35,SFG,118,458,407,50,94,15,2,9,52,1,1,39,98,0.231,0.308,0.344,0.652,85,140,12,8,0,4,3
250,Josh Donaldson,Josh Donaldson,36,NYY,132,546,478,59,106,28,0,15,62,2,2,54,148,0.222,0.308,0.374,0.682,95,179,13,8,0,6,1
261,Matt Duffy,Matt Duffy,31,LAA,77,247,228,14,57,8,0,2,16,0,0,17,50,0.25,0.308,0.311,0.619,76,71,6,2,0,0,0
367,Jordan Groshans,Jordan Groshans,22,MIA,17,65,61,9,16,0,0,1,2,0,0,4,13,0.262,0.308,0.311,0.619,78,19,2,0,0,0,0
387,Mitch Haniger,Mitch Haniger,31,SEA,57,247,224,31,55,8,0,11,34,0,0,20,65,0.246,0.308,0.429,0.736,112,96,7,1,0,2,1
517,Brandon Lowe*,Brandon Lowe,27,TBR,65,266,235,31,52,10,2,8,25,1,0,27,61,0.221,0.308,0.383,0.691,103,90,1,3,0,1,0
615,Christopher Morel,Christopher Morel,23,CHC,113,425,379,55,89,19,4,16,47,10,7,38,137,0.235,0.308,0.433,0.741,107,164,6,3,3,2,0
652,Tyler O'Neill,Tyler O'Neill,27,STL,96,383,334,56,76,11,1,14,58,14,4,38,103,0.228,0.308,0.392,0.7,100,131,9,4,0,7,0
946,Luke Voit,Luke Voit,31,TOT,135,568,500,55,113,22,0,22,69,1,1,55,179,0.226,0.308,0.402,0.71,105,201,9,7,0,6,1
334,Stone Garrett,Stone Garrett,26,ARI,27,84,76,13,21,8,0,4,10,3,1,3,27,0.276,0.309,0.539,0.848,136,41,1,1,0,1,0
451,Nolan Jones*,Nolan Jones,24,CLE,28,94,86,10,21,5,0,2,13,0,0,8,31,0.244,0.309,0.372,0.681,96,32,2,0,0,0,1
844,Nick Solak,Nick Solak,27,TEX,35,95,82,14,17,1,0,3,4,3,2,7,19,0.207,0.309,0.329,0.638,84,27,1,5,1,0,0
885,Leody Taveras#,Leody Taveras,23,TEX,99,341,314,39,82,14,2,5,34,11,5,21,88,0.261,0.309,0.366,0.675,93,115,2,2,1,3,0
166,Kerry Carpenter*,Kerry Carpenter,24,DET,31,113,103,16,26,4,1,6,10,0,0,6,32,0.252,0.31,0.485,0.795,127,50,0,3,0,1,0
368,Robbie Grossman#,Robbie Grossman,32,TOT,129,477,411,40,86,19,1,7,45,6,2,56,129,0.209,0.31,0.311,0.622,80,128,3,6,0,4,0
422,P.J. Higgins,P.J. Higgins,29,CHC,74,229,201,23,46,11,1,6,30,0,0,22,58,0.229,0.31,0.383,0.693,95,77,2,2,3,1,0
905,Gleyber Torres,Gleyber Torres,25,NYY,140,572,526,73,135,28,1,24,76,10,5,39,129,0.257,0.31,0.451,0.761,115,237,12,3,1,3,2
39,Brian Anderson,Brian Anderson,29,MIA,98,383,338,43,75,16,1,8,28,1,0,37,101,0.222,0.311,0.346,0.657,88,117,7,7,0,1,2
409,César Hernández#,César Hernández,32,WSN,147,617,560,64,139,28,4,1,34,10,4,45,114,0.248,0.311,0.318,0.629,84,178,9,7,3,2,0
142,Oswaldo Cabrera#,Oswaldo Cabrera,23,NYY,44,171,154,21,38,8,1,6,19,3,2,15,44,0.247,0.312,0.429,0.74,110,66,1,0,1,1,0
413,Yadiel Hernández*,Yadiel Hernández,34,WSN,94,327,305,30,82,16,0,9,41,2,1,19,74,0.269,0.312,0.41,0.722,108,125,9,1,0,2,0
699,Tommy Pham,Tommy Pham,34,TOT,144,622,554,89,131,23,1,17,63,8,3,56,167,0.236,0.312,0.374,0.686,87,207,20,7,0,5,0
788,Amed Rosario,Amed Rosario,26,CLE,153,670,637,86,180,26,9,11,71,18,4,25,111,0.283,0.312,0.403,0.715,106,257,19,4,0,4,0
908,Alan Trejo,Alan Trejo,26,COL,35,125,118,15,32,6,0,4,17,1,2,5,31,0.271,0.312,0.424,0.736,95,50,3,2,0,0,0
181,Gilberto Celestino,Gilberto Celestino,23,MIN,122,347,311,30,74,12,1,2,24,4,1,32,77,0.238,0.313,0.302,0.615,78,94,13,2,2,0,0
214,Nelson Cruz,Nelson Cruz,41,WSN,124,507,448,50,105,16,0,10,64,4,0,49,119,0.234,0.313,0.337,0.651,90,151,16,4,0,3,1
583,MJ Melendez*,MJ Melendez,23,KCR,129,534,460,57,100,21,3,18,62,2,3,66,131,0.217,0.313,0.393,0.706,99,181,2,1,0,7,1
749,Pablo Reyes,Pablo Reyes,28,MIL,5,16,15,1,4,0,0,0,0,0,0,1,2,0.267,0.313,0.267,0.579,68,4,0,0,0,0,0
797,Keibert Ruiz#,Keibert Ruiz,23,WSN,112,433,394,33,99,22,0,7,36,6,1,30,50,0.251,0.313,0.36,0.673,95,142,9,6,1,2,0
887,Michael A. Taylor,Michael A. Taylor,31,KCR,124,456,414,49,105,10,3,9,43,4,2,35,109,0.254,0.313,0.357,0.67,90,148,6,2,2,3,0
893,Cody Thomas*,Cody Thomas,27,OAK,10,32,30,1,8,0,0,0,0,0,0,2,12,0.267,0.313,0.267,0.579,74,8,0,0,0,0,0
981,Austin Wynns,Austin Wynns,31,SFG,65,177,162,14,42,7,0,3,21,0,0,10,38,0.259,0.313,0.358,0.671,90,58,9,3,1,1,0
109,Charlie Blackmon*,Charlie Blackmon,35,COL,135,577,530,60,140,22,6,16,78,4,1,32,109,0.264,0.314,0.419,0.733,94,222,10,8,4,3,4
315,Tyler Freeman,Tyler Freeman,23,CLE,24,86,77,9,19,3,0,0,3,1,0,4,11,0.247,0.314,0.286,0.6,76,22,2,4,0,1,0
316,TJ Friedl*,TJ Friedl,26,CIN,72,258,225,33,54,10,5,8,25,7,2,20,40,0.24,0.314,0.436,0.75,100,98,3,7,0,6,0
394,Ke'Bryan Hayes,Ke'Bryan Hayes,25,PIT,136,560,505,55,123,24,3,7,41,20,5,48,122,0.244,0.314,0.345,0.659,88,174,12,5,0,2,0
404,Payton Henry,Payton Henry,25,MIA,15,35,28,2,4,0,0,0,4,0,0,5,8,0.143,0.314,0.143,0.457,37,4,0,2,0,0,0
466,Isiah Kiner-Falefa,Isiah Kiner-Falefa,27,NYY,142,531,483,66,126,20,0,4,48,22,4,35,72,0.261,0.314,0.327,0.642,85,158,13,5,3,5,2
510,Alejo Lopez#,Alejo Lopez,26,CIN,59,156,145,15,38,5,1,1,10,3,1,9,21,0.262,0.314,0.331,0.645,75,48,1,2,0,0,1
115,Alec Bohm,Alec Bohm,25,PHI,152,631,586,79,164,24,3,13,72,2,3,31,110,0.28,0.315,0.398,0.713,102,233,18,4,0,10,1
118,David Bote,David Bote,29,CHC,41,127,116,15,30,8,0,4,12,1,0,6,45,0.259,0.315,0.431,0.746,109,50,3,4,0,1,0
211,C.J. Cron,C.J. Cron,32,COL,150,632,575,79,148,28,3,29,102,0,0,43,164,0.257,0.315,0.468,0.783,106,269,16,8,0,5,6
291,Kyle Farmer,Kyle Farmer,31,CIN,145,583,526,58,134,25,1,14,78,4,3,33,99,0.255,0.315,0.386,0.701,89,203,20,16,2,6,0
484,Jake Lamb*,Jake Lamb,31,TOT,41,111,97,13,21,6,1,3,6,0,1,11,38,0.216,0.315,0.392,0.707,98,38,4,3,0,0,0
508,Evan Longoria,Evan Longoria,36,SFG,89,298,266,31,65,13,0,14,42,0,0,27,83,0.244,0.315,0.451,0.767,115,120,6,2,0,3,2
630,Wil Myers,Wil Myers,31,SDP,77,286,261,29,68,15,0,7,41,2,1,21,86,0.261,0.315,0.398,0.713,107,104,7,1,0,3,1
744,Hunter Renfroe,Hunter Renfroe,30,MIL,125,522,474,62,121,23,1,29,72,1,1,39,121,0.255,0.315,0.492,0.807,126,233,11,4,2,3,1
929,Christian Vázquez,Christian Vázquez,31,TOT,119,426,398,41,109,23,0,9,52,1,4,22,69,0.274,0.315,0.399,0.714,98,159,10,3,0,3,0
54,Orlando Arcia,Orlando Arcia,27,ATL,67,234,209,25,51,9,0,9,30,0,0,21,51,0.244,0.316,0.416,0.733,103,87,7,2,0,2,0
165,Dylan Carlson#,Dylan Carlson,23,STL,128,488,432,56,102,30,4,8,42,5,2,45,94,0.236,0.316,0.38,0.695,99,164,6,7,0,4,1
295,Wilmer Flores,Wilmer Flores,30,SFG,151,602,525,72,120,28,1,19,71,0,0,59,103,0.229,0.316,0.394,0.71,101,207,7,11,0,7,1
352,Nick Gordon*,Nick Gordon,26,MIN,136,443,405,45,110,28,4,9,50,6,4,19,105,0.272,0.316,0.427,0.743,111,173,8,10,3,6,1
412,Teoscar Hernández,Teoscar Hernández,29,TOR,131,535,499,71,133,35,1,25,77,6,3,34,152,0.267,0.316,0.491,0.807,128,245,18,2,0,0,0
425,Keston Hiura,Keston Hiura,25,MIL,80,266,234,34,53,8,1,14,32,5,2,23,111,0.226,0.316,0.449,0.765,115,105,3,8,0,1,0
562,Nomar Mazara*,Nomar Mazara,27,SDP,55,171,159,16,42,8,0,2,18,0,0,10,40,0.264,0.316,0.352,0.668,95,56,3,2,0,0,0
567,Andrew McCutchen,Andrew McCutchen,35,MIL,134,580,515,66,122,25,0,17,69,8,6,57,124,0.237,0.316,0.384,0.7,99,198,10,4,0,4,1
641,Kevin Newman,Kevin Newman,28,PIT,78,309,288,31,79,18,2,2,24,8,2,16,48,0.274,0.316,0.372,0.687,95,107,6,2,2,1,0
685,David Peralta*,David Peralta,34,TOT,134,490,439,39,110,30,3,12,59,1,3,41,114,0.251,0.316,0.415,0.731,109,182,8,4,0,6,5
698,Jace Peterson*,Jace Peterson,32,MIL,112,328,288,44,68,14,2,8,34,12,1,33,85,0.236,0.316,0.382,0.698,98,110,8,2,2,3,2
807,Carlos Santana#,Carlos Santana,36,TOT,131,506,431,52,87,18,0,19,60,0,0,71,88,0.202,0.316,0.376,0.692,99,162,9,2,0,2,2
391,Josh Harrison,Josh Harrison,34,CHW,119,425,386,50,99,19,2,7,27,2,1,21,71,0.256,0.317,0.37,0.687,94,143,9,14,2,2,0
502,Royce Lewis,Royce Lewis,23,MIN,12,41,40,5,12,4,0,2,5,0,0,1,5,0.3,0.317,0.55,0.867,143,22,2,0,0,0,0
817,Corey Seager*,Corey Seager,28,TEX,151,663,593,91,145,24,1,33,83,3,0,58,103,0.245,0.317,0.455,0.772,119,270,14,7,0,5,7
108,Cavan Biggio*,Cavan Biggio,27,TOR,97,303,257,43,52,18,1,6,24,2,0,38,85,0.202,0.318,0.35,0.668,93,90,2,6,1,1,0
169,Curt Casali,Curt Casali,33,TOT,57,176,148,20,30,4,0,5,17,0,0,24,50,0.203,0.318,0.331,0.649,87,49,1,2,0,2,0
462,Max Kepler*,Max Kepler,29,MIN,115,446,388,54,88,18,1,9,43,3,2,49,66,0.227,0.318,0.348,0.666,92,135,7,5,0,4,1
623,Cedric Mullins*,Cedric Mullins,27,BAL,156,672,608,89,157,32,4,16,64,34,10,47,126,0.258,0.318,0.403,0.721,105,245,4,9,1,5,2
810,Anthony Santander#,Anthony Santander,27,BAL,152,647,574,78,138,24,0,33,89,0,2,55,122,0.24,0.318,0.455,0.773,118,261,14,13,0,5,1
217,Travis d'Arnaud,Travis d'Arnaud,33,ATL,107,426,396,61,106,25,1,18,60,0,0,19,90,0.268,0.319,0.472,0.791,118,187,12,11,0,0,0
535,Trey Mancini,Trey Mancini,30,TOT,143,587,519,56,124,23,1,18,63,0,0,53,135,0.239,0.319,0.391,0.71,102,203,12,10,0,5,2
556,Mark Mathias,Mark Mathias,27,TOT,30,91,81,13,20,3,0,6,20,3,0,9,30,0.247,0.319,0.506,0.825,132,41,0,0,0,1,0
637,Josh Naylor*,Josh Naylor,25,CLE,122,498,449,47,115,28,0,20,79,6,1,38,80,0.256,0.319,0.452,0.771,121,203,13,6,0,5,4
764,Luis Robert Jr.,Luis Robert Jr.,24,CHW,98,401,380,54,108,18,0,12,56,11,3,17,77,0.284,0.319,0.426,0.746,108,162,6,3,0,1,1
950,Joey Votto*,Joey Votto,38,CIN,91,376,322,31,66,18,1,11,41,0,0,44,97,0.205,0.319,0.37,0.689,86,119,8,10,0,0,0
254,Brandon Drury,Brandon Drury,29,TOT,138,568,518,87,136,31,2,28,87,2,3,38,126,0.263,0.32,0.492,0.813,121,255,8,8,0,4,0
493,Charles Leblanc,Charles Leblanc,26,MIA,48,169,156,18,41,10,0,4,11,4,2,12,53,0.263,0.32,0.404,0.723,105,63,0,1,0,0,0
752,Matt Reynolds,Matt Reynolds,31,TOT,93,272,244,31,60,10,1,3,23,5,0,26,78,0.246,0.32,0.332,0.652,77,81,7,1,0,1,0
56,Gabriel Arias,Gabriel Arias,22,CLE,16,57,47,9,9,1,1,1,5,1,0,8,16,0.191,0.321,0.319,0.641,87,15,1,1,1,0,0
360,Riley Greene*,Riley Greene,21,DET,93,418,376,46,95,18,4,5,42,1,4,36,120,0.253,0.321,0.362,0.682,99,136,8,3,0,3,0
546,Ketel Marte#,Ketel Marte,28,ARI,137,558,492,68,118,42,2,12,52,5,1,55,101,0.24,0.321,0.407,0.727,106,200,12,6,0,5,3
644,Austin Nola,Austin Nola,32,SDP,110,397,347,40,87,15,0,4,40,2,1,34,60,0.251,0.321,0.329,0.649,91,114,5,6,1,9,1
890,Matt Thaiss*,Matt Thaiss,27,LAA,29,81,69,9,15,1,0,2,8,1,0,11,24,0.217,0.321,0.319,0.64,82,22,2,0,0,1,1
927,Andrew Vaughn,Andrew Vaughn,24,CHW,134,555,510,60,138,28,1,17,76,0,0,31,96,0.271,0.321,0.429,0.75,110,219,13,9,0,5,0
59,Christian Arroyo,Christian Arroyo,27,BOS,87,300,280,32,80,16,1,6,36,5,1,13,49,0.286,0.322,0.414,0.736,103,116,7,3,2,2,2
281,Santiago Espinal,Santiago Espinal,27,TOR,135,491,449,51,120,25,0,7,51,6,6,36,68,0.267,0.322,0.37,0.692,99,166,12,2,1,3,1
283,Thairo Estrada,Thairo Estrada,26,SFG,140,541,488,71,127,22,2,14,62,21,6,33,89,0.26,0.322,0.4,0.722,104,195,10,14,1,5,0
758,Alfonso Rivas*,Alfonso Rivas,25,CHC,101,287,251,27,59,5,2,3,25,6,1,29,87,0.235,0.322,0.307,0.628,80,77,1,4,1,2,1
347,Luis González*,Luis González,26,SFG,98,350,311,31,79,17,2,4,36,10,2,30,75,0.254,0.323,0.36,0.683,94,112,5,4,0,5,1
814,Kyle Schwarber*,Kyle Schwarber,29,PHI,155,669,577,100,126,21,3,46,94,10,1,86,200,0.218,0.323,0.504,0.827,132,291,10,4,0,2,3
956,Matt Wallner*,Matt Wallner,24,MIN,18,65,57,4,13,3,0,2,10,1,0,6,25,0.228,0.323,0.386,0.709,103,22,0,2,0,0,1
74,Austin Barnes,Austin Barnes,32,LAD,62,212,179,31,38,6,0,8,26,2,1,27,37,0.212,0.324,0.38,0.704,95,68,5,3,2,1,0
101,Jon Berti,Jon Berti,32,MIA,102,404,358,47,86,17,3,4,28,41,5,42,89,0.24,0.324,0.338,0.662,90,121,6,3,0,1,0
188,Matt Chapman,Matt Chapman,29,TOR,155,621,538,83,123,27,1,27,76,2,2,68,170,0.229,0.324,0.433,0.757,116,233,7,10,0,5,1
273,Tommy Edman#,Tommy Edman,27,STL,153,630,577,95,153,31,4,13,57,32,3,46,111,0.265,0.324,0.4,0.725,108,231,10,5,1,1,2
323,Ben Gamel*,Ben Gamel,30,PIT,115,423,371,42,86,20,2,9,46,5,1,48,98,0.232,0.324,0.369,0.693,97,137,5,3,0,1,2
963,Drew Waters#,Drew Waters,23,KCR,32,109,96,14,23,6,1,5,18,0,0,12,40,0.24,0.324,0.479,0.803,124,46,1,0,0,0,0
191,Jazz Chisholm Jr.*,Jazz Chisholm Jr.,24,MIA,60,241,213,39,54,10,4,14,45,12,5,21,66,0.254,0.325,0.535,0.86,140,114,0,3,0,3,0
464,Ha-Seong Kim,Ha-Seong Kim,26,SDP,150,582,517,58,130,29,3,11,59,12,2,51,100,0.251,0.325,0.383,0.708,106,198,9,7,3,4,0
540,Manuel Margot,Manuel Margot,27,TBR,89,363,336,36,92,18,2,4,47,7,3,24,68,0.274,0.325,0.375,0.7,106,126,7,2,0,1,1
591,Yermín Mercedes,Yermín Mercedes,29,SFG,31,83,73,9,17,5,0,1,8,0,0,9,17,0.233,0.325,0.342,0.668,91,25,1,1,0,0,0
602,Jose Miranda,Jose Miranda,24,MIN,125,483,444,45,119,25,0,15,66,1,1,28,91,0.268,0.325,0.426,0.751,114,189,19,10,0,1,0
658,Matt Olson*,Matt Olson,28,ATL,162,699,616,86,148,44,0,34,103,0,0,75,170,0.24,0.325,0.477,0.802,121,294,13,4,0,4,6
770,Brendan Rodgers,Brendan Rodgers,25,COL,137,581,527,72,140,30,3,13,63,0,0,46,101,0.266,0.325,0.408,0.733,95,215,25,3,0,5,0
94,Brandon Belt*,Brandon Belt,34,SFG,78,298,254,25,54,9,1,8,23,1,0,37,81,0.213,0.326,0.35,0.676,93,89,9,6,0,1,2
743,Anthony Rendon,Anthony Rendon,32,LAA,47,193,166,15,38,10,0,5,24,2,0,23,35,0.229,0.326,0.38,0.706,99,63,7,2,0,2,0
57,Randy Arozarena,Randy Arozarena,27,TBR,153,645,586,72,154,41,3,20,89,32,12,46,156,0.263,0.327,0.445,0.773,125,261,17,11,0,2,2
349,Oscar Gonzalez,Oscar Gonzalez,24,CLE,91,382,362,39,107,27,0,11,43,1,2,15,75,0.296,0.327,0.461,0.789,125,167,6,3,0,2,2
426,Nico Hoerner,Nico Hoerner,25,CHC,135,517,481,60,135,22,5,10,55,20,2,28,57,0.281,0.327,0.41,0.736,107,197,11,6,0,2,4
439,Jonathan India,Jonathan India,25,CIN,103,431,386,48,96,16,2,10,41,3,4,31,94,0.249,0.327,0.378,0.705,91,146,5,14,0,0,1
577,Ryan McMahon*,Ryan McMahon,27,COL,153,597,529,67,130,23,3,20,67,7,3,60,158,0.246,0.327,0.414,0.741,97,219,7,5,0,3,0
953,Christian Walker,Christian Walker,31,ARI,160,667,583,84,141,25,2,36,94,2,2,69,131,0.242,0.327,0.477,0.804,126,278,15,8,0,7,2
311,Wander Franco#,Wander Franco,21,TBR,83,344,314,46,87,20,3,6,33,8,0,26,33,0.277,0.328,0.417,0.746,118,131,5,0,0,4,1
437,José Iglesias,José Iglesias,32,COL,118,467,439,48,128,30,0,3,47,2,3,17,56,0.292,0.328,0.38,0.708,89,167,11,8,0,3,0
934,Alex Verdugo*,Alex Verdugo,26,BOS,152,644,593,75,166,39,1,11,74,1,3,42,86,0.28,0.328,0.405,0.732,102,240,14,3,0,6,2
624,Max Muncy*,Max Muncy,31,LAD,136,565,464,69,91,22,1,21,69,2,0,90,141,0.196,0.329,0.384,0.713,98,178,2,5,0,6,1
882,Dansby Swanson,Dansby Swanson,28,ATL,162,696,640,99,177,32,1,25,96,18,7,49,182,0.277,0.329,0.447,0.776,114,286,12,3,0,4,0
168,Corbin Carroll*,Corbin Carroll,21,ARI,32,115,104,13,27,9,2,4,14,2,1,8,31,0.26,0.33,0.5,0.83,133,52,1,3,0,0,0
420,Aaron Hicks#,Aaron Hicks,32,NYY,130,453,384,54,83,9,2,8,40,10,3,62,109,0.216,0.33,0.313,0.642,86,120,10,4,1,2,3
914,Kyle Tucker*,Kyle Tucker,25,HOU,150,609,544,71,140,28,1,30,107,25,4,59,95,0.257,0.33,0.478,0.808,127,260,11,1,0,2,4
272,Nate Eaton,Nate Eaton,25,KCR,44,122,106,16,28,4,3,1,12,11,1,10,30,0.264,0.331,0.387,0.717,103,41,2,2,1,3,0
659,Rafael Ortega*,Rafael Ortega,31,CHC,118,371,316,35,76,14,1,7,35,12,7,44,74,0.241,0.331,0.358,0.688,95,113,10,2,1,7,2
724,Jurickson Profar#,Jurickson Profar,29,SDP,152,658,575,82,140,36,2,15,58,5,1,73,103,0.243,0.331,0.391,0.723,110,225,12,4,3,3,0
937,David Villar,David Villar,25,SFG,52,181,156,21,36,6,1,9,24,0,1,18,58,0.231,0.331,0.455,0.787,121,71,4,6,0,1,0
212,Jake Cronenworth*,Jake Cronenworth,28,SDP,158,684,587,88,140,30,4,17,88,3,0,70,131,0.239,0.332,0.39,0.722,110,229,2,16,0,8,3
428,Rhys Hoskins,Rhys Hoskins,29,PHI,156,672,589,81,145,33,2,30,79,2,1,72,169,0.246,0.332,0.462,0.794,124,272,12,6,0,4,0
566,Chas McCormick,Chas McCormick,27,HOU,119,407,359,47,88,12,2,14,44,4,3,46,106,0.245,0.332,0.407,0.738,109,146,5,1,0,1,0
627,Sean Murphy,Sean Murphy,27,OAK,148,612,537,67,134,37,2,18,66,1,0,56,124,0.25,0.332,0.426,0.759,122,229,14,13,0,5,2
876,Eugenio Suárez,Eugenio Suárez,30,SEA,150,629,543,76,128,24,2,31,87,0,0,73,196,0.236,0.332,0.459,0.791,127,249,12,8,0,5,0
106,Bo Bichette,Bo Bichette,24,TOR,159,697,652,91,189,43,1,24,93,13,8,41,155,0.29,0.333,0.469,0.802,128,306,21,2,0,2,0
125,Rob Brantly*,Rob Brantly,32,NYY,1,3,3,0,1,1,0,0,0,0,0,0,0,0.333,0.333,0.667,1,178,2,0,0,0,0,0
393,Adam Haseley*,Adam Haseley,26,CHW,14,25,21,4,5,0,0,0,2,0,0,3,7,0.238,0.333,0.238,0.571,66,5,0,0,1,0,0
568,Mickey McDonald#,Mickey McDonald,27,OAK,4,6,4,0,0,0,0,0,0,0,0,2,3,0,0.333,0,0.333,10,0,0,0,0,0,0
608,Nate Mondou*,Nate Mondou,27,OAK,1,3,2,0,0,0,0,0,0,0,0,1,1,0,0.333,0,0.333,10,0,0,0,0,0,0
657,Edward Olivares,Edward Olivares,26,KCR,53,174,161,24,46,8,0,4,15,2,3,10,36,0.286,0.333,0.41,0.743,110,66,1,2,0,1,0
696,Roberto Pérez,Roberto Pérez,33,PIT,21,69,60,8,14,2,0,2,8,0,0,9,25,0.233,0.333,0.367,0.7,99,22,1,0,0,0,0
790,Eguy Rosario,Eguy Rosario,22,SDP,7,6,5,0,1,0,0,0,0,0,0,1,2,0.2,0.333,0.2,0.533,61,1,0,0,0,0,0
823,Pedro Severino,Pedro Severino,28,MIL,8,21,18,0,4,2,0,0,1,0,0,3,7,0.222,0.333,0.333,0.667,92,6,0,0,0,0,0
974,Marcus Wilson,Marcus Wilson,25,SEA,3,6,5,1,1,0,0,0,0,0,0,1,4,0.2,0.333,0.2,0.533,61,1,0,0,0,0,0
429,Eric Hosmer*,Eric Hosmer,32,TOT,104,419,380,38,102,19,0,8,44,0,0,37,64,0.268,0.334,0.382,0.716,108,145,12,1,0,1,5
380,Sam Haggerty#,Sam Haggerty,28,SEA,83,201,176,29,45,9,1,5,23,13,1,18,53,0.256,0.335,0.403,0.738,114,71,4,4,1,2,3
918,Luis Urías,Luis Urías,25,MIL,119,472,406,54,97,17,1,16,47,1,2,50,99,0.239,0.335,0.404,0.739,110,164,9,11,0,5,0
148,Alex Call,Alex Call,27,TOT,47,131,114,18,27,3,1,5,13,3,3,15,30,0.237,0.336,0.412,0.748,116,47,2,2,0,0,0
284,Stuart Fairchild,Stuart Fairchild,26,TOT,46,110,97,14,24,4,1,5,6,0,2,8,34,0.247,0.336,0.464,0.8,115,45,1,5,0,0,0
818,Jean Segura,Jean Segura,32,PHI,98,387,354,45,98,9,0,10,33,13,6,25,58,0.277,0.336,0.387,0.723,106,137,16,7,0,1,1
880,Seiya Suzuki,Seiya Suzuki,27,CHC,111,446,397,54,104,22,2,14,46,9,5,42,110,0.262,0.336,0.433,0.77,116,172,8,4,0,3,3
206,Garrett Cooper,Garrett Cooper,31,MIA,119,469,414,37,108,33,2,9,50,0,0,40,119,0.261,0.337,0.415,0.752,114,172,6,10,0,5,0
309,Ty France,Ty France,27,SEA,140,613,551,65,151,27,1,20,83,0,0,35,94,0.274,0.338,0.436,0.774,123,240,18,21,0,5,3
449,Connor Joe,Connor Joe,29,COL,111,467,404,56,96,20,4,7,28,6,2,55,97,0.238,0.338,0.359,0.697,87,145,8,7,0,1,0
763,Anthony Rizzo*,Anthony Rizzo,32,NYY,130,548,465,77,104,21,1,32,75,6,5,58,101,0.224,0.338,0.48,0.817,132,223,13,23,0,2,6
920,Gio Urshela,Gio Urshela,30,MIN,144,551,501,61,143,27,3,13,64,1,0,41,96,0.285,0.338,0.429,0.767,119,215,21,2,0,7,2
40,Tim Anderson,Tim Anderson,29,CHW,79,351,332,50,100,13,0,6,25,13,0,14,55,0.301,0.339,0.395,0.734,107,131,10,5,0,0,1
210,J.P. Crawford*,J.P. Crawford,27,SEA,145,603,518,57,126,24,3,6,42,3,2,68,80,0.243,0.339,0.336,0.675,98,174,11,10,2,5,0
371,Vladimir Guerrero Jr.,Vladimir Guerrero Jr.,23,TOR,160,706,638,90,175,35,0,32,97,8,3,58,116,0.274,0.339,0.48,0.818,133,306,26,6,0,4,6
390,Michael Harris II*,Michael Harris II,21,ATL,114,441,414,75,123,27,3,19,64,20,2,21,107,0.297,0.339,0.514,0.853,134,213,7,5,1,0,0
446,Danny Jansen,Danny Jansen,27,TOR,72,248,215,34,56,10,0,15,44,1,0,25,44,0.26,0.339,0.516,0.855,142,111,1,3,0,5,1
505,Francisco Lindor#,Francisco Lindor,28,NYM,161,706,630,98,170,25,5,26,107,16,6,59,133,0.27,0.339,0.449,0.788,125,283,11,10,0,7,2
845,Donovan Solano,Donovan Solano,34,CIN,80,304,278,22,79,16,0,4,24,0,0,19,61,0.284,0.339,0.385,0.724,96,107,5,5,0,2,1
980,Kolten Wong*,Kolten Wong,31,MIL,134,497,430,65,108,24,4,15,47,17,6,46,88,0.251,0.339,0.43,0.77,118,185,5,14,2,5,2
105,Mookie Betts,Mookie Betts,29,LAD,142,639,572,117,154,40,3,35,82,12,2,55,104,0.269,0.34,0.533,0.873,138,305,8,8,0,4,0
223,J.D. Davis,J.D. Davis,29,TOT,115,365,318,46,79,16,1,12,35,1,1,39,122,0.248,0.34,0.418,0.758,116,133,13,6,0,2,1
645,Lars Nootbaar*,Lars Nootbaar,24,STL,108,347,290,53,66,16,3,14,40,4,1,51,71,0.228,0.34,0.448,0.788,125,130,3,1,0,5,1
928,Terrin Vavra*,Terrin Vavra,25,BAL,40,103,89,14,23,2,1,1,12,0,1,12,19,0.258,0.34,0.337,0.677,95,30,2,0,0,2,0
192,Ji Man Choi*,Ji Man Choi,31,TBR,113,419,356,36,83,22,0,11,52,0,0,58,123,0.233,0.341,0.388,0.729,115,138,3,2,0,3,3
552,J.D. Martinez,J.D. Martinez,34,BOS,139,596,533,76,146,43,1,16,62,0,0,52,145,0.274,0.341,0.448,0.79,117,239,20,5,0,5,1
560,Nick Maton*,Nick Maton,25,PHI,34,85,72,13,18,2,1,5,17,0,0,10,29,0.25,0.341,0.514,0.855,140,37,0,1,0,2,0
388,Ian Happ#,Ian Happ,27,CHC,158,641,573,72,155,42,2,17,72,9,4,58,149,0.271,0.342,0.44,0.781,119,252,11,6,0,4,4
565,Jake McCarthy*,Jake McCarthy,24,ARI,99,354,321,53,91,16,3,8,43,23,3,23,76,0.283,0.342,0.427,0.769,118,137,3,6,3,1,0
736,J.T. Realmuto,J.T. Realmuto,31,PHI,139,562,504,75,139,26,5,22,84,21,1,41,119,0.276,0.342,0.478,0.82,131,241,7,12,0,5,1
857,George Springer,George Springer,32,TOR,133,583,513,89,137,22,4,25,76,14,2,54,100,0.267,0.342,0.472,0.814,132,242,7,7,0,5,1
949,Jason Vosler*,Jason Vosler,28,SFG,36,111,98,14,26,6,1,4,12,1,1,10,29,0.265,0.342,0.469,0.812,128,46,3,2,0,1,1
373,Lourdes Gurriel Jr.,Lourdes Gurriel Jr.,28,TOR,121,493,453,52,132,32,1,5,52,3,4,31,83,0.291,0.343,0.4,0.743,114,181,11,6,0,2,1
584,Danny Mendick,Danny Mendick,28,CHW,31,106,97,22,28,4,1,3,15,1,0,7,23,0.289,0.343,0.443,0.786,120,43,2,1,1,0,0
732,Harold Ramírez,Harold Ramírez,27,TBR,120,435,403,46,121,24,0,6,58,3,5,19,72,0.3,0.343,0.404,0.747,120,163,5,9,0,4,1
841,Will Smith,Will Smith,27,LAD,137,578,508,68,132,26,3,24,87,1,0,56,96,0.26,0.343,0.465,0.807,122,236,11,10,0,4,4
916,Trea Turner,Trea Turner,29,LAD,160,708,652,101,194,39,4,21,100,27,3,45,131,0.298,0.343,0.466,0.809,123,304,9,3,0,6,1
131,Mike Brosseau,Mike Brosseau,28,MIL,69,160,141,15,36,5,0,6,23,2,0,14,48,0.255,0.344,0.418,0.762,117,59,0,5,0,0,0
227,Jonathan Davis,Jonathan Davis,30,MIL,37,91,76,9,17,1,0,0,4,7,1,14,26,0.224,0.344,0.237,0.581,71,18,1,0,1,0,0
308,Jake Fraley*,Jake Fraley,27,CIN,68,247,216,33,56,9,0,12,28,4,1,26,54,0.259,0.344,0.468,0.812,117,101,1,3,0,2,1
975,Jesse Winker*,Jesse Winker,28,SEA,136,547,456,51,100,15,0,14,53,0,0,84,103,0.219,0.344,0.344,0.688,102,157,8,4,0,3,1
379,Jake Hager,Jake Hager,29,ARI,28,59,50,4,12,2,0,0,3,0,0,8,17,0.24,0.345,0.28,0.625,82,14,0,0,1,0,0
725,Albert Pujols,Albert Pujols,42,STL,109,351,307,42,83,14,0,24,68,1,2,28,55,0.27,0.345,0.55,0.895,153,169,13,10,0,6,1
751,Bryan Reynolds#,Bryan Reynolds,27,PIT,145,614,542,74,142,19,4,27,62,7,3,56,141,0.262,0.345,0.461,0.807,127,250,13,14,0,2,6
772,Julio Rodríguez,Julio Rodríguez,21,SEA,132,560,511,84,145,25,3,28,75,25,7,40,145,0.284,0.345,0.509,0.853,144,260,7,8,0,1,4
523,Gavin Lux*,Gavin Lux,24,LAD,129,471,421,66,116,20,7,6,42,7,2,47,95,0.276,0.346,0.399,0.745,107,168,3,0,0,3,0
716,Jorge Polanco#,Jorge Polanco,28,MIN,104,445,375,54,88,16,0,16,56,3,3,64,95,0.235,0.346,0.405,0.751,115,152,4,2,0,4,1
547,Starling Marte,Starling Marte,33,NYM,118,505,466,76,136,24,5,16,63,18,9,26,97,0.292,0.347,0.468,0.814,132,218,18,13,0,0,0
579,Austin Meadows*,Austin Meadows,27,DET,36,147,128,9,32,6,2,0,11,0,1,16,17,0.25,0.347,0.328,0.675,98,42,2,3,0,0,0
986,Seby Zavala,Seby Zavala,28,CHW,61,205,178,22,48,14,0,2,21,0,0,19,64,0.27,0.347,0.382,0.729,106,68,1,3,3,2,0
330,Maikel Garcia,Maikel Garcia,22,KCR,9,23,22,1,7,1,0,0,2,0,0,1,5,0.318,0.348,0.364,0.711,103,8,1,0,0,0,0
401,Gunnar Henderson*,Gunnar Henderson,21,BAL,34,132,116,12,30,7,1,4,18,1,1,16,34,0.259,0.348,0.44,0.788,124,51,1,0,0,0,1
205,Willson Contreras,Willson Contreras,30,CHC,113,487,416,65,101,23,2,22,55,4,2,45,103,0.243,0.349,0.466,0.815,128,194,14,24,0,2,0
229,Yonathan Daza,Yonathan Daza,28,COL,113,408,372,56,112,21,2,2,34,0,3,26,58,0.301,0.349,0.384,0.733,97,143,12,4,1,5,0
756,Austin Riley,Austin Riley,25,ATL,159,693,615,90,168,39,2,38,93,2,0,57,168,0.273,0.349,0.528,0.878,141,325,13,17,0,4,1
776,Josh Rojas*,Josh Rojas,28,ARI,125,510,443,66,119,25,1,9,56,23,3,55,98,0.269,0.349,0.391,0.739,111,173,7,2,5,5,2
875,Garrett Stubbs*,Garrett Stubbs,29,PHI,46,121,106,19,28,4,1,5,16,2,0,14,30,0.264,0.35,0.462,0.812,130,49,2,0,1,0,0
915,Justin Turner,Justin Turner,37,LAD,128,532,468,61,130,36,0,13,81,3,0,50,89,0.278,0.35,0.438,0.788,118,205,13,6,0,8,1
7,Ronald Acuna Jr.,Ronald Acuna Jr.,24,ATL,119,533,467,71,124,24,0,15,50,29,11,53,126,0.266,0.351,0.413,0.764,113,193,8,10,0,3,4
372,Luis Guillorme*,Luis Guillorme,27,NYM,102,335,297,33,81,12,1,2,17,1,0,34,46,0.273,0.351,0.34,0.691,101,101,15,2,2,0,1
33,Pete Alonso,Pete Alonso,27,NYM,160,685,597,95,162,27,0,40,131,5,1,67,128,0.271,0.352,0.518,0.869,146,309,17,12,0,9,16
366,Vaughn Grissom,Vaughn Grissom,21,ATL,41,156,141,24,41,6,0,5,18,5,2,11,34,0.291,0.353,0.44,0.792,120,62,0,3,0,1,1
682,Joc Pederson*,Joc Pederson,30,SFG,134,433,380,57,104,19,3,23,70,3,2,42,100,0.274,0.353,0.521,0.874,145,198,5,7,0,4,3
897,Trayce Thompson,Trayce Thompson,31,TOT,80,255,219,36,56,14,1,13,41,4,1,32,93,0.256,0.353,0.507,0.86,137,111,2,2,0,2,0
204,William Contreras,William Contreras,24,ATL,97,376,334,51,93,14,1,20,45,2,0,39,104,0.278,0.354,0.506,0.86,137,169,5,1,0,2,1
733,José Ramírez#,José Ramírez,29,CLE,157,685,601,90,168,44,5,29,126,20,7,69,82,0.28,0.355,0.514,0.869,148,309,5,6,0,9,20
983,Christian Yelich*,Christian Yelich,30,MIL,154,671,575,99,145,25,4,14,57,19,3,88,162,0.252,0.355,0.383,0.738,111,220,9,5,1,2,5
160,Conner Capel*,Conner Capel,25,TOT,22,59,52,7,16,0,1,3,11,1,1,5,10,0.308,0.356,0.519,0.875,152,27,2,0,0,2,0
313,Clint Frazier,Clint Frazier,27,CHC,19,45,37,4,8,3,0,0,1,1,0,7,11,0.216,0.356,0.297,0.653,88,11,1,1,0,0,0
616,Gabriel Moreno,Gabriel Moreno,22,TOR,25,73,69,10,22,1,0,1,7,0,0,4,8,0.319,0.356,0.377,0.733,112,26,2,0,0,0,0
654,Shohei Ohtani*,Shohei Ohtani,27,LAA,157,666,586,90,160,30,6,34,95,11,9,72,161,0.273,0.356,0.519,0.875,143,304,6,5,0,3,14
392,Monte Harrison,Monte Harrison,26,LAA,9,14,11,5,2,0,0,1,3,1,0,2,8,0.182,0.357,0.455,0.812,128,5,1,1,0,0,0
496,DJ LeMahieu,DJ LeMahieu,33,NYY,125,541,467,74,122,18,0,12,46,4,3,67,71,0.261,0.357,0.377,0.734,112,176,12,4,1,2,0
55,Nolan Arenado,Nolan Arenado,31,STL,148,620,557,73,163,42,1,30,103,5,3,52,72,0.293,0.358,0.533,0.891,153,297,15,7,0,4,3
172,Triston Casas*,Triston Casas,22,BOS,27,95,76,11,15,1,0,5,12,1,0,19,23,0.197,0.358,0.408,0.766,113,31,4,0,0,0,0
237,Rafael Devers*,Rafael Devers,25,BOS,141,614,555,84,164,42,1,27,88,3,1,50,114,0.295,0.358,0.521,0.879,141,289,14,6,0,3,11
448,Eloy Jiménez,Eloy Jiménez,25,CHW,84,327,292,40,86,12,0,16,54,0,0,28,72,0.295,0.358,0.5,0.858,139,146,8,3,0,4,0
519,Nathaniel Lowe*,Nathaniel Lowe,26,TEX,157,645,593,74,179,26,3,27,76,2,2,48,147,0.302,0.358,0.492,0.851,141,292,10,4,0,0,2
942,Daniel Vogelbach*,Daniel Vogelbach,29,TOT,130,461,386,47,92,19,1,18,59,0,0,73,114,0.238,0.36,0.433,0.793,126,167,11,1,0,1,2
962,Taylor Ward,Taylor Ward,28,LAA,135,564,495,73,139,22,2,23,65,5,3,60,120,0.281,0.36,0.473,0.833,133,234,5,4,0,5,0
89,Josh Bell#,Josh Bell,29,TOT,156,647,552,78,147,29,3,17,71,0,1,81,102,0.266,0.362,0.422,0.784,128,233,22,5,0,6,4
798,Adley Rutschman#,Adley Rutschman,24,BAL,113,470,398,70,101,35,1,13,42,4,0,65,86,0.254,0.362,0.445,0.806,129,177,4,4,0,3,0
267,Joe Dunand,Joe Dunand,26,MIA,3,11,10,2,3,1,0,1,1,0,0,0,3,0.3,0.364,0.7,1.064,194,7,0,1,0,0,0
333,Dustin Garneau,Dustin Garneau,34,DET,8,11,10,1,3,1,0,0,1,0,0,1,4,0.3,0.364,0.4,0.764,123,4,0,0,0,0,0
389,Bryce Harper*,Bryce Harper,29,PHI,99,426,370,63,106,28,1,18,65,11,4,46,87,0.286,0.364,0.514,0.877,147,190,13,3,0,7,9
985,Jared Young*,Jared Young,26,CHC,6,22,19,2,5,2,0,0,0,1,0,3,7,0.263,0.364,0.368,0.732,108,7,0,0,0,0,0
127,Alex Bregman,Alex Bregman,28,HOU,155,656,548,93,142,38,0,23,93,1,2,87,77,0.259,0.366,0.454,0.82,132,249,18,11,0,10,1
208,Carlos Correa,Carlos Correa,27,MIN,136,590,522,70,152,24,1,22,64,0,1,61,121,0.291,0.366,0.467,0.834,138,244,18,3,0,4,2
526,Manny Machado,Manny Machado,29,SDP,150,644,578,100,172,37,1,32,102,9,1,63,133,0.298,0.366,0.531,0.898,158,307,12,1,0,2,10
836,Austin Slater,Austin Slater,29,SFG,125,325,277,49,73,15,2,7,34,12,1,40,89,0.264,0.366,0.408,0.774,120,113,9,6,0,2,0
155,Mark Canha,Mark Canha,33,NYM,140,542,462,71,123,24,0,13,61,3,1,48,97,0.266,0.367,0.403,0.77,122,186,3,28,0,4,1
585,Joey Meneses,Joey Meneses,30,WSN,56,240,222,33,72,14,0,13,34,1,0,15,52,0.324,0.367,0.563,0.93,165,125,13,1,0,2,2
643,Brandon Nimmo*,Brandon Nimmo,29,NYM,151,673,580,102,159,30,7,16,64,3,2,71,116,0.274,0.367,0.433,0.8,130,251,9,16,3,3,0
613,Dylan Moore,Dylan Moore,29,SEA,104,255,205,41,46,11,2,6,24,21,8,34,75,0.224,0.368,0.385,0.753,120,79,5,13,1,1,2
911,Mike Trout,Mike Trout,30,LAA,119,499,438,85,124,28,2,40,80,1,0,54,139,0.283,0.369,0.63,0.999,175,276,6,6,0,1,8
124,Michael Brantley*,Michael Brantley,35,HOU,64,277,243,28,70,14,1,5,26,1,1,31,30,0.288,0.37,0.416,0.785,124,101,1,1,1,1,2
729,Esteban Quiroz*,Esteban Quiroz,30,CHC,14,47,40,3,11,0,0,0,3,1,1,4,9,0.275,0.37,0.275,0.645,87,11,0,2,1,0,0
337,Andrés Giménez*,Andrés Giménez,23,CLE,146,557,491,66,146,26,3,17,69,20,3,34,112,0.297,0.371,0.466,0.837,141,229,9,25,4,3,4
469,Alejandro Kirk,Alejandro Kirk,23,TOR,139,541,470,59,134,19,0,14,63,0,0,63,58,0.285,0.372,0.415,0.786,127,195,11,4,0,4,2
866,Tyler Stephenson,Tyler Stephenson,25,CIN,50,183,166,24,53,9,0,6,35,1,0,12,47,0.319,0.372,0.482,0.854,129,80,4,3,0,2,0
96,Andrew Benintendi*,Andrew Benintendi,27,TOT,126,521,461,54,140,23,3,5,51,8,3,52,77,0.304,0.373,0.399,0.772,120,184,7,2,1,5,0
481,Steven Kwan*,Steven Kwan,24,CLE,147,638,563,89,168,25,7,6,52,19,5,62,60,0.298,0.373,0.4,0.772,124,225,9,7,2,4,2
604,Garrett Mitchell*,Garrett Mitchell,23,MIL,28,68,61,9,19,3,0,2,9,8,0,6,28,0.311,0.373,0.459,0.832,136,28,0,0,1,0,0
58,Luis Arraez*,Luis Arraez,25,MIN,144,603,547,88,173,31,1,8,49,4,4,50,43,0.316,0.375,0.42,0.795,128,230,6,3,0,3,2
362,Grayson Greiner,Grayson Greiner,29,ARI,2,8,6,0,1,0,0,0,0,0,0,2,3,0.167,0.375,0.167,0.542,63,1,0,0,0,0,0
650,Logan O'Hoppe,Logan O'Hoppe,22,LAA,5,16,14,1,4,0,0,0,2,0,0,2,3,0.286,0.375,0.286,0.661,91,4,0,0,0,0,0
135,Kris Bryant,Kris Bryant,30,COL,42,181,160,28,49,12,0,5,14,0,0,17,27,0.306,0.376,0.475,0.851,126,76,7,2,0,2,0
114,Xander Bogaerts,Xander Bogaerts,29,BOS,150,631,557,84,171,38,0,15,73,8,2,57,118,0.307,0.377,0.456,0.833,131,254,14,10,0,7,2
6,José Abreu,José Abreu,35,CHW,157,679,601,85,183,40,0,15,75,0,0,62,110,0.304,0.378,0.446,0.824,132,268,19,12,0,4,2
578,Jeff McNeil*,Jeff McNeil,30,NYM,148,589,533,73,174,39,1,9,62,4,0,40,61,0.326,0.382,0.454,0.836,140,242,6,11,0,5,1
677,Vinnie Pasquantino*,Vinnie Pasquantino,24,KCR,72,298,258,25,76,10,0,10,26,1,0,35,34,0.295,0.383,0.45,0.832,135,116,5,3,0,2,1
741,Rob Refsnyder,Rob Refsnyder,31,BOS,57,177,153,25,47,11,0,6,21,1,1,15,46,0.307,0.384,0.497,0.881,143,76,1,6,0,3,0
34,Jose Altuve,Jose Altuve,32,HOU,141,604,527,103,158,39,0,28,57,18,1,66,87,0.3,0.387,0.533,0.921,159,281,13,10,0,1,2
251,Brendan Donovan*,Brendan Donovan,25,STL,126,468,391,64,110,21,1,5,45,2,3,60,70,0.281,0.394,0.379,0.773,125,148,8,14,1,2,1
128,Will Brennan*,Will Brennan,24,CLE,11,45,42,6,15,1,1,1,8,2,1,2,4,0.357,0.4,0.5,0.9,159,21,0,1,0,0,1
292,Mario Feliciano,Mario Feliciano,23,MIL,2,5,4,0,1,0,0,0,0,0,0,1,1,0.25,0.4,0.25,0.65,92,1,0,0,0,0,0
456,Gosuke Katoh*,Gosuke Katoh,27,TOR,8,11,7,2,1,1,0,0,0,0,0,3,1,0.143,0.4,0.286,0.686,103,2,0,0,1,0,0
244,Yandy Díaz,Yandy Díaz,30,TBR,137,558,473,71,140,33,0,9,57,3,3,78,60,0.296,0.401,0.423,0.824,144,200,10,6,0,1,2
851,Juan Soto*,Juan Soto,23,TOT,153,664,524,93,127,25,2,27,62,6,2,135,96,0.242,0.401,0.452,0.853,148,237,12,4,0,0,6
344,Paul Goldschmidt,Paul Goldschmidt,34,STL,151,651,561,106,178,41,0,35,115,7,0,79,141,0.317,0.404,0.578,0.981,179,324,7,5,0,4,1
688,Oswald Peraza,Oswald Peraza,22,NYY,18,57,49,8,15,3,0,1,2,2,0,6,9,0.306,0.404,0.429,0.832,140,21,3,2,0,0,0
66,Ji Hwan Bae*,Ji Hwan Bae,22,PIT,10,37,33,5,11,3,0,0,6,3,0,2,6,0.333,0.405,0.424,0.83,137,14,0,2,0,0,0
38,Yordan Alvarez*,Yordan Alvarez,25,HOU,135,561,470,95,144,29,2,37,97,1,1,78,106,0.306,0.406,0.613,1.019,185,288,12,6,0,7,9
226,Jaylin Davis,Jaylin Davis,27,BOS,12,27,24,4,8,1,0,0,2,0,0,3,11,0.333,0.407,0.375,0.782,120,9,0,0,0,0,0
314,Freddie Freeman*,Freddie Freeman,32,LAD,159,708,612,117,199,47,2,21,100,13,3,84,102,0.325,0.407,0.511,0.918,154,313,6,5,0,7,12
167,Matt Carpenter*,Matt Carpenter,36,NYY,47,154,128,28,39,9,0,15,37,0,0,19,35,0.305,0.412,0.727,1.138,219,93,2,5,1,1,1
854,Livan Soto*,Livan Soto,22,LAA,18,59,55,9,22,5,1,1,9,1,1,2,13,0.4,0.414,0.582,0.996,178,32,1,0,1,1,0
453,Aaron Judge,Aaron Judge,30,NYY,157,696,570,133,177,28,0,62,131,16,3,111,175,0.311,0.425,0.686,1.111,212,391,14,6,0,5,19
163,Vinny Capra,Vinny Capra,25,TOR,8,7,5,2,1,0,0,0,0,0,0,2,1,0.2,0.429,0.2,0.629,90,1,0,0,0,0,0
842,Canaan Smith-Njigba*,Canaan Smith-Njigba,23,PIT,3,7,5,1,1,1,0,0,0,0,0,1,0,0.2,0.429,0.4,0.829,138,2,0,1,0,0,0
628,Tom Murphy,Tom Murphy,31,SEA,14,42,33,9,10,2,0,1,1,0,0,8,13,0.303,0.439,0.455,0.894,161,15,1,0,0,0,0
405,David Hensley,David Hensley,26,HOU,16,34,29,7,10,2,1,1,5,0,0,5,6,0.345,0.441,0.586,1.027,190,17,3,0,0,0,0
232,Austin Dean,Austin Dean,28,SFG,3,9,8,1,3,0,0,0,0,0,0,1,0,0.375,0.444,0.375,0.819,137,3,0,0,0,0,0
119,Sean Bouchard,Sean Bouchard,26,COL,27,97,74,9,22,6,0,3,11,0,0,21,25,0.297,0.454,0.5,0.954,156,37,1,1,0,1,0
375,Dalton Guthrie,Dalton Guthrie,26,PHI,14,28,21,3,7,0,0,1,5,1,0,6,7,0.333,0.5,0.476,0.976,181,10,0,1,0,0,0
494,Khalil Lee*,Khalil Lee,24,NYM,2,2,2,1,1,0,0,1,3,0,0,0,0,0.5,0.5,2,2.5,574,4,0,0,0,0,0
651,Brian O'Keefe,Brian O'Keefe,28,SEA,2,4,3,0,1,0,0,0,0,0,0,1,2,0.333,0.5,0.333,0.833,150,1,0,0,0,0,0
683,Liover Peguero,Liover Peguero,21,PIT,1,4,3,0,1,0,0,0,0,0,0,1,2,0.333,0.5,0.333,0.833,144,1,0,0,0,0,0
660,James Outman*,James Outman,25,LAD,4,16,13,6,6,2,0,1,3,0,0,2,7,0.462,0.563,0.846,1.409,285,11,0,1,0,0,0
515,Otto Lopez,Otto Lopez,23,TOR,8,10,9,0,6,0,0,0,3,0,1,1,1,0.667,0.7,0.667,1.367,298,6,0,0,0,0,0
910,Chadwick Tromp,Chadwick Tromp,27,ATL,1,4,4,0,3,2,0,0,3,0,0,0,0,0.75,0.75,1.25,2,446,5,0,0,0,0,0
705,Evan Phillips,Evan Phillips,27,LAD,1,1,0,0,0,0,0,0,0,0,0,1,0,0,1,0,0,0,0,0,0,0,0,0
